time,brightPixels
12.0000,477
12.0333,395
12.0667,284
12.1000,131
12.1333,86
12.1667,84
12.2000,83
12.2333,156
12.2667,367
12.3000,499
12.3333,595
12.3667,602
12.4000,629
12.4333,560
12.4667,468
12.5000,288
12.5333,85
12.5667,179
12.6000,357
12.6333,485
12.6667,578
12.7000,587
12.7333,594
12.7667,590
12.8000,545
12.8333,459
12.8667,336
12.9000,149
12.9333,82
12.9667,83
13.0000,82
13.0333,236
13.0667,411
13.1000,505
13.1333,604
13.1667,619
13.2000,524
13.2333,371
13.2667,252
13.3000,78
13.3333,259
13.3667,556
13.4000,673
13.4333,780
13.4667,806
13.5000,803
13.5333,819
13.5667,809
13.6000,751
13.6333,652
13.6667,354
13.7000,139
13.7333,77
13.7667,78
13.8000,90
13.8333,338
13.8667,448
13.9000,803
13.9333,1568
13.9667,1571
14.0000,1576
14.0333,1500
14.0667,999
14.1000,357
14.1333,85
14.1667,81
14.2000,268
14.2333,475
14.2667,619
14.3000,856
14.3333,980
14.3667,1101
14.4000,1125
14.4333,1031
14.4667,854
14.5000,714
14.5333,310
14.5667,76
14.6000,77
14.6333,77
14.6667,233
14.7000,373
14.7333,1131
14.7667,1373
14.8000,1376
14.8333,1313
14.8667,1137
14.9000,298
14.9333,169
14.9667,76
15.0000,76
15.0333,76
15.0667,279
15.1000,999
15.1333,1142
15.1667,1232
15.2000,1270
15.2333,1303
15.2667,1172
15.3000,199
15.3333,76
15.3667,75
15.4000,75
15.4333,426
15.4667,845
15.5000,1913
15.5333,1960
15.5667,2032
15.6000,2098
15.6333,1577
15.6667,564
15.7000,253
15.7333,77
15.7667,77
15.8000,78
15.8333,76
15.8667,148
15.9000,642
15.9333,765
15.9667,854
16.0000,1283
16.0333,1471
16.0667,1463
16.1000,1457
16.1333,987
16.1667,765
16.2000,316
16.2333,164
16.2667,74
16.3000,75
16.3333,244
16.3667,419
16.4000,524
16.4333,545
16.4667,559
16.5000,526
16.5333,390
16.5667,148
16.6000,78
16.6333,244
16.6667,413
16.7000,538
16.7333,572
16.7667,570
16.8000,565
16.8333,462
16.8667,314
16.9000,94
16.9333,76
16.9667,76
17.0000,76
17.0333,199
17.0667,406
17.1000,518
17.1333,556
17.1667,572
17.2000,505
17.2333,391
17.2667,172
17.3000,77
17.3333,77
17.3667,77
17.4000,369
17.4333,842
17.4667,982
17.5000,1029
17.5333,1075
17.5667,1107
17.6000,959
17.6333,665
17.6667,131
17.7000,80
17.7333,82
17.7667,173
17.8000,632
17.8333,1487
17.8667,1646
17.9000,1763
17.9333,1748
17.9667,1058
18.0000,285
18.0333,137
18.0667,76
18.1000,76
18.1333,144
18.1667,404
18.2000,630
18.2333,804
18.2667,918
18.3000,991
18.3333,965
18.3667,820
18.4000,321
18.4333,79
18.4667,79
18.5000,149
18.5333,783
18.5667,1504
18.6000,1609
18.6333,1605
18.6667,1565
18.7000,1459
18.7333,233
18.7667,105
18.8000,80
18.8333,81
18.8667,81
18.9000,503
18.9333,1171
18.9667,1400
19.0000,1578
19.0333,1694
19.0667,1745
19.1000,1679
19.1333,1084
19.1667,250
19.2000,89
19.2333,81
19.2667,130
19.3000,289
19.3333,396
19.3667,466
19.4000,628
19.4333,849
19.4667,825
19.5000,760
19.5333,349
19.5667,224
19.6000,79
19.6333,80
19.6667,80
19.7000,313
19.7333,728
19.7667,932
19.8000,1037
19.8333,1107
19.8667,1158
19.9000,1086
19.9333,857
19.9667,202
20.0000,79
20.0333,79
20.0667,109
20.1000,341
20.1333,483
20.1667,1119
20.2000,1448
20.2333,1446
20.2667,1448
20.3000,1448
20.3333,1324
20.3667,841
20.4000,433
20.4333,272
20.4667,88
20.5000,193
20.5333,335
20.5667,515
20.6000,722
20.6333,952
20.6667,1073
20.7000,1106
20.7333,1043
20.7667,886
20.8000,669
20.8333,162
20.8667,83
20.9000,82
20.9333,157
20.9667,368
21.0000,482
21.0333,569
21.0667,663
21.1000,677
21.1333,668
21.1667,477
21.2000,377
21.2333,170
21.2667,90
21.3000,89
21.3333,85
21.3667,159
21.4000,319
21.4333,472
21.4667,649
21.5000,913
21.5333,1009
21.5667,1094
21.6000,1184
21.6333,1107
21.6667,957
21.7000,820
21.7333,291
21.7667,82
21.8000,83
21.8333,263
21.8667,414
21.9000,528
21.9333,586
21.9667,603
22.0000,632
22.0333,589
22.0667,490
22.1000,396
22.1333,199
22.1667,82
22.2000,121
22.2333,438
22.2667,867
22.3000,1058
22.3333,1144
22.3667,1110
22.4000,958
22.4333,402
22.4667,79
22.5000,79
22.5333,231
22.5667,342
22.6000,425
22.6333,476
22.6667,536
22.7000,673
22.7333,776
22.7667,760
22.8000,630
22.8333,440
22.8667,199
22.9000,78
22.9333,77
22.9667,77
23.0000,185
23.0333,447
23.0667,633
23.1000,918
23.1333,1037
23.1667,1099
23.2000,1060
23.2333,907
23.2667,591
23.3000,125
23.3333,75
23.3667,76
23.4000,216
23.4333,372
23.4667,861
23.5000,863
23.5333,850
23.5667,830
23.6000,311
23.6333,157
23.6667,75
23.7000,76
23.7333,196
23.7667,425
23.8000,567
23.8333,716
23.8667,821
23.9000,900
23.9333,959
23.9667,906
24.0000,789
24.0333,619
24.0667,78
24.1000,76
24.1333,77
24.1667,78
24.2000,310
24.2333,493
24.2667,1465
24.3000,1488
24.3333,1504
24.3667,1501
24.4000,1377
24.4333,878
24.4667,174
24.5000,79
24.5333,149
24.5667,339
24.6000,489
24.6333,686
24.6667,927
24.7000,1074
24.7333,1151
24.7667,1211
24.8000,1141
24.8333,987
24.8667,871
24.9000,607
24.9333,141
24.9667,82
25.0000,82
25.0333,82
25.0667,237
25.1000,386
25.1333,443
25.1667,448
25.2000,488
25.2333,405
25.2667,272
25.3000,80
25.3333,80
25.3667,193
25.4000,379
25.4333,512
25.4667,537
25.5000,548
25.5333,492
25.5667,370
25.6000,202
25.6333,82
25.6667,82
25.7000,82
25.7333,284
25.7667,437
25.8000,552
25.8333,603
25.8667,609
25.9000,610
25.9333,549
25.9667,436
26.0000,316
26.0333,152
26.0667,79
26.1000,324
26.1333,500
26.1667,565
26.2000,573
26.2333,541
26.2667,384
26.3000,121
26.3333,82
26.3667,79
26.4000,150
26.4333,338
26.4667,553
26.5000,789
26.5333,988
26.5667,1055
26.6000,1133
26.6333,1058
26.6667,953
26.7000,627
26.7333,160
26.7667,78
26.8000,78
26.8333,77
26.8667,280
26.9000,553
26.9333,1109
26.9667,1235
27.0000,1358
27.0333,1364
27.0667,605
27.1000,215
27.1333,76
27.1667,275
27.2000,911
27.2333,1143
27.2667,1377
27.3000,1547
27.3333,1664
27.3667,1720
27.4000,1646
27.4333,1536
27.4667,612
27.5000,148
27.5333,75
27.5667,75
27.6000,269
27.6333,653
27.6667,890
27.7000,1056
27.7333,1385
27.7667,1654
27.8000,1678
27.8333,1719
27.8667,1558
27.9000,737
27.9333,417
27.9667,194
28.0000,75
28.0333,76
28.0667,76
28.1000,152
28.1333,850
28.1667,1475
28.2000,1546
28.2333,1615
28.2667,1665
28.3000,1646
28.3333,1545
28.3667,576
28.4000,146
28.4333,76
28.4667,116
28.5000,324
28.5333,421
28.5667,521
28.6000,593
28.6333,609
28.6667,659
28.7000,755
28.7333,702
28.7667,507
28.8000,385
28.8333,258
28.8667,80
28.9000,80
28.9333,292
28.9667,630
29.0000,793
29.0333,939
29.0667,1000
29.1000,946
29.1333,826
29.1667,621
29.2000,128
29.2333,81
29.2667,80
29.3000,80
29.3333,80
29.3667,386
29.4000,532
29.4333,566
29.4667,580
29.5000,557
29.5333,443
29.5667,263
29.6000,82
29.6333,80
29.6667,79
29.7000,79
29.7333,268
29.7667,440
29.8000,582
29.8333,616
29.8667,636
29.9000,638
29.9333,636
29.9667,505
30.0000,386
30.0333,220
30.0667,81
30.1000,81
30.1333,330
30.1667,506
30.2000,607
30.2333,653
30.2667,733
30.3000,763
30.3333,482
30.3667,320
30.4000,94
30.4333,135
30.4667,326
30.5000,626
30.5333,804
30.5667,977
30.6000,1065
30.6333,1126
30.6667,1190
30.7000,1117
30.7333,928
30.7667,728
30.8000,146
30.8333,78
30.8667,78
30.9000,280
30.9333,616
30.9667,1421
31.0000,1429
31.0333,1455
31.0667,1461
31.1000,1470
31.1333,780
31.1667,403
31.2000,145
31.2333,78
31.2667,186
31.3000,315
31.3333,410
31.3667,503
31.4000,604
31.4333,636
31.4667,638
31.5000,642
31.5333,635
31.5667,569
31.6000,498
31.6333,402
31.6667,304
31.7000,150
31.7333,82
31.7667,164
31.8000,352
31.8333,452
31.8667,623
31.9000,761
31.9333,848
31.9667,766
32.0000,309
32.0333,81
32.0667,81
32.1000,82
32.1333,250
32.1667,360
32.2000,447
32.2333,545
32.2667,615
32.3000,623
32.3333,628
32.3667,625
32.4000,549
32.4333,425
32.4667,327
32.5000,222
32.5333,84
32.5667,84
32.6000,96
32.6333,573
32.6667,740
32.7000,949
32.7333,1020
32.7667,972
32.8000,904
32.8333,733
32.8667,427
32.9000,129
32.9333,83
32.9667,83
33.0000,317
33.0333,476
33.0667,553
33.1000,563
33.1333,568
33.1667,528
33.2000,385
33.2333,168
33.2667,84
33.3000,149
33.3333,332
33.3667,456
33.4000,571
33.4333,592
33.4667,595
33.5000,602
33.5333,525
33.5667,407
33.6000,233
33.6333,83
33.6667,83
33.7000,113
33.7333,309
33.7667,404
33.8000,485
33.8333,580
33.8667,589
33.9000,596
33.9333,580
33.9667,501
34.0000,398
34.0333,280
34.0667,159
34.1000,82
34.1333,81
34.1667,138
34.2000,561
34.2333,707
34.2667,826
34.3000,916
34.3333,998
34.3667,997
34.4000,985
34.4333,867
34.4667,661
34.5000,304
34.5333,104
34.5667,80
34.6000,80
34.6333,77
34.6667,484
34.7000,705
34.7333,831
34.7667,1380
34.8000,1386
34.8333,1522
34.8667,1266
34.9000,831
34.9333,723
34.9667,308
35.0000,75
35.0333,88
35.0667,290
35.1000,404
35.1333,478
35.1667,533
35.2000,538
35.2333,548
35.2667,527
35.3000,465
35.3333,374
35.3667,236
35.4000,78
35.4333,76
35.4667,318
35.5000,641
35.5333,809
35.5667,956
35.6000,1151
35.6333,1296
35.6667,1271
35.7000,633
35.7333,241
35.7667,77
35.8000,77
35.8333,76
35.8667,141
35.9000,668
35.9333,831
35.9667,1168
36.0000,1287
36.0333,1233
36.0667,910
36.1000,784
36.1333,254
36.1667,76
36.2000,75
36.2333,272
36.2667,399
36.3000,522
36.3333,546
36.3667,555
36.4000,562
36.4333,495
36.4667,391
36.5000,220
36.5333,77
36.5667,77
36.6000,77
36.6333,78
36.6667,271
36.7000,399
36.7333,559
36.7667,697
36.8000,767
36.8333,624
36.8667,284
36.9000,144
36.9333,77
36.9667,76
37.0000,312
37.0333,486
37.0667,641
37.1000,861
37.1333,954
37.1667,1071
37.2000,1113
37.2333,1077
37.2667,923
37.3000,779
37.3333,174
37.3667,77
37.4000,77
37.4333,76
37.4667,303
37.5000,517
37.5333,920
37.5667,918
37.6000,928
37.6333,739
37.6667,393
37.7000,119
37.7333,77
37.7667,77
37.8000,76
37.8333,192
37.8667,425
37.9000,578
37.9333,621
37.9667,632
38.0000,573
38.0333,462
38.0667,319
38.1000,99
38.1333,78
38.1667,76
38.2000,77
38.2333,78
38.2667,364
38.3000,1081
38.3333,1573
38.3667,1592
38.4000,1599
38.4333,1455
38.4667,1175
38.5000,465
38.5333,150
38.5667,86
38.6000,82
38.6333,80
38.6667,78
38.7000,238
38.7333,477
38.7667,642
38.8000,935
38.8333,1089
38.8667,1212
38.9000,1270
38.9333,1178
38.9667,1060
39.0000,859
39.0333,637
39.0667,118
39.1000,80
39.1333,195
39.1667,314
39.2000,381
39.2333,444
39.2667,493
39.3000,600
39.3333,681
39.3667,766
39.4000,692
39.4333,589
39.4667,353
39.5000,191
39.5333,77
39.5667,77
39.6000,77
39.6333,134
39.6667,286
39.7000,525
39.7333,785
39.7667,891
39.8000,993
39.8333,1066
39.8667,1055
39.9000,928
39.9333,761
39.9667,165
40.0000,79
40.0333,79
40.0667,79
40.1000,300
40.1333,482
40.1667,562
40.2000,575
40.2333,575
40.2667,575
40.3000,484
40.3333,291
40.3667,82
40.4000,82
40.4333,81
40.4667,271
40.5000,445
40.5333,604
40.5667,625
40.6000,634
40.6333,540
40.6667,410
40.7000,185
40.7333,79
40.7667,78
40.8000,79
40.8333,264
40.8667,392
40.9000,482
40.9333,553
40.9667,603
41.0000,622
41.0333,690
41.0667,865
41.1000,807
41.1333,710
41.1667,360
41.2000,162
41.2333,82
41.2667,136
41.3000,769
41.3333,1613
41.3667,1667
41.4000,1676
41.4333,1675
41.4667,1151
41.5000,366
41.5333,166
41.5667,81
41.6000,187
41.6333,333
41.6667,440
41.7000,522
41.7333,597
41.7667,642
41.8000,647
41.8333,639
41.8667,553
41.9000,465
41.9333,365
41.9667,271
42.0000,81
42.0333,81
42.0667,299
42.1000,417
42.1333,443
42.1667,450
42.2000,420
42.2333,329
42.2667,142
42.3000,81
42.3333,81
42.3667,132
42.4000,410
42.4333,540
42.4667,780
42.5000,924
42.5333,1014
42.5667,932
42.6000,797
42.6333,179
42.6667,81
42.7000,82
42.7333,82
42.7667,83
42.8000,318
42.8333,494
42.8667,975
42.9000,982
42.9333,877
42.9667,626
43.0000,343
43.0333,101
43.0667,87
43.1000,87
43.1333,159
43.1667,310
43.2000,551
43.2333,765
43.2667,899
43.3000,965
43.3333,1037
43.3667,983
43.4000,856
43.4333,649
43.4667,133
43.5000,83
43.5333,83
43.5667,83
43.6000,143
43.6333,1006
43.6667,1514
43.7000,1636
43.7333,1719
43.7667,1708
43.8000,1059
43.8333,207
43.8667,80
43.9000,80
43.9333,176
43.9667,417
44.0000,605
44.0333,787
44.0667,864
44.1000,913
44.1333,798
44.1667,603
44.2000,144
44.2333,78
44.2667,78
44.3000,78
44.3333,472
44.3667,774
44.4000,1520
44.4333,1520
44.4667,2420
44.5000,2444
44.5333,2372
44.5667,2372
44.6000,1133
44.6333,434
44.6667,267
44.7000,82
44.7333,81
44.7667,80
44.8000,81
44.8333,80
44.8667,302
44.9000,483
44.9333,483
44.9667,882
45.0000,1086
45.0333,1175
45.0667,1175
45.1000,1114
45.1333,970
45.1667,826
45.2000,521
45.2333,82
45.2667,79
45.3000,79
45.3333,155
45.3667,958
45.4000,1407
45.4333,1407
45.4667,1755
45.5000,1863
45.5333,1892
45.5667,1892
45.6000,1686
45.6333,594
45.6667,256
45.7000,79
45.7333,79
45.7667,79
45.8000,141
45.8333,354
45.8667,465
45.9000,561
45.9333,561
45.9667,600
46.0000,567
46.0333,446
46.0667,446
46.1000,151
46.1333,79
46.1667,78
46.2000,79
46.2333,448
46.2667,781