time,L0,L1,L2,L3,L4,L5,L6,L7,L8,L9
0.00000,0,0,0,0,0,0,0,0,0,0
0.00500,0,0,0,0,0,0,0,0,0,0
0.03833,0,0,0,0,0,0,0,0,0,0
0.07167,0,0,0,0,0,0,0,0,0,0
0.10500,0,0,0,0,0,0,0,0,0,0
0.13833,0,0,0,0,0,0,0,0,0,0
0.17167,0,0,0,0,0,0,0,0,0,0
0.20500,0,0,0,0,0,0,0,0,0,0
0.23833,0,0,0,0,0,0,0,0,0,0
0.27167,0,0,0,0,0,0,0,0,0,0
0.30500,0,0,0,0,0,0,0,0,0,0
0.33833,0,0,0,0,0,0,0,0,0,0
0.37167,0,0,0,0,0,0,0,0,0,0
0.40500,0,0,0,0,0,0,0,0,0,0
0.43833,0,0,0,0,0,0,0,0,0,0
0.47167,0,0,0,0,0,0,0,0,0,0
0.50500,0,0,0,0,0,0,0,0,0,0
0.53833,0,0,0,0,0,0,0,0,0,0
0.57167,0,0,0,0,0,0,0,0,0,0
0.60500,0,0,0,0,0,0,0,0,0,0
0.64000,0,0,0,0,0,0,0,0,0,0
0.67333,0,0,0,0,0,0,0,0,0,0
0.70667,0,0,0,0,0,0,0,0,0,0
0.74000,0,0,0,0,0,0,0,0,0,0
0.77333,0,0,0,0,0,0,0,0,0,0
0.80667,0,0,0,0,0,0,0,0,0,0
0.84000,0,0,0,0,0,0,0,0,0,0
0.87333,0,0,0,0,0,0,0,0,0,0
0.90667,0,0,0,0,0,0,0,0,0,0
0.94000,0,0,0,0,0,0,0,0,0,0
0.97333,0,0,0,0,0,0,0,0,0,0
1.00667,0,0,0,0,0,0,0,0,0,0
1.04000,0,0,0,0,0,0,0,0,0,0
1.07333,0,0,0,0,0,0,0,0,0,0
1.10667,0,0,0,0,0,0,0,0,0,0
1.14000,0,93,0,0,0,0,0,0,0,0
1.17333,0,207,15,0,0,1,0,0,3,0
1.20667,0,201,12,0,0,0,0,0,4,0
1.24000,0,198,8,0,0,0,0,0,4,0
1.27333,0,192,8,0,0,0,0,0,3,0
1.30667,0,189,7,0,0,0,0,0,3,0
1.34000,0,185,7,0,0,2,0,0,5,0
1.37333,0,187,7,0,0,2,0,0,3,0
1.40667,0,188,8,0,0,4,0,0,2,0
1.44000,0,153,0,0,0,0,0,0,0,0
1.47333,0,0,0,0,0,0,0,0,0,0
1.50667,0,0,0,0,0,0,0,0,0,0
1.54000,0,0,0,0,0,0,0,0,0,0
1.57333,0,0,0,0,0,0,0,0,0,0
1.60667,0,0,7,221,0,6,0,0,0,0
1.64000,0,0,21,243,0,18,0,0,0,0
1.67333,0,0,24,246,0,18,0,0,0,0
1.70667,0,0,28,257,0,20,0,0,0,0
1.74000,0,0,32,261,0,22,0,0,0,0
1.77333,0,0,42,268,0,21,0,0,0,0
1.80667,0,0,43,274,0,22,0,0,0,0
1.84000,0,0,42,270,0,24,0,0,0,0
1.87333,0,0,41,262,0,32,0,0,0,0
1.90667,0,0,0,122,0,0,0,0,0,0
1.94000,0,0,0,0,0,0,0,0,0,0
1.97333,0,0,0,0,0,0,0,0,0,0
2.00667,0,0,0,0,0,0,0,0,0,0
2.04000,0,0,0,0,204,259,0,0,0,0
2.07333,0,0,0,19,362,535,23,0,0,0
2.10667,0,0,0,20,365,525,23,0,0,0
2.14000,0,0,0,20,363,523,23,0,0,0
2.17333,0,0,0,20,360,520,24,0,0,0
2.20667,0,0,0,21,360,518,24,0,0,0
2.24000,0,0,0,20,361,517,24,0,0,0
2.27333,0,0,0,21,359,516,21,0,0,0
2.30667,0,0,0,19,359,517,19,0,0,0
2.34000,0,0,0,14,270,350,0,0,0,0
2.37333,0,0,0,0,0,0,0,0,0,0
2.40667,0,0,0,0,0,0,0,0,0,0
2.44000,0,0,0,0,0,0,0,0,0,0
2.47333,0,0,0,0,0,0,0,0,0,0
2.50667,0,0,0,0,0,12,331,248,0,0
2.54000,0,0,0,0,0,12,380,253,3,0
2.57333,0,0,0,0,0,13,376,249,3,0
2.60667,0,0,0,0,0,12,374,246,2,0
2.64000,0,0,0,0,0,12,371,244,3,0
2.67333,0,0,0,0,0,12,371,243,2,0
2.70833,0,0,0,0,0,15,367,247,2,0
2.74167,0,0,0,0,0,18,371,262,2,0
2.77500,0,0,0,0,0,28,370,276,2,0
2.80833,0,0,0,0,0,0,132,161,0,0
2.84167,0,0,0,0,0,0,0,0,0,0
2.87500,0,0,0,0,0,0,0,0,0,0
2.90833,0,0,0,0,0,0,0,0,0,0
2.94167,0,0,0,0,0,0,0,0,50,0
2.97500,0,0,0,0,0,3,1,4,206,16
3.00833,0,0,0,0,0,4,1,7,201,11
3.04167,0,0,0,0,0,4,2,9,187,10
3.07500,0,0,0,0,0,4,1,4,182,10
3.10833,0,0,0,0,0,4,0,4,189,7
3.14167,0,0,0,0,0,3,0,8,199,12
3.17500,0,0,0,0,0,2,0,5,207,18
3.20833,0,0,0,0,0,2,3,2,216,24
3.24167,0,0,0,0,0,0,0,0,204,40
3.27500,0,0,0,0,0,0,0,0,0,1
3.30833,0,0,0,0,0,0,0,0,0,5
3.34167,0,0,0,0,0,0,0,0,0,10
3.37500,0,0,0,0,0,0,0,0,0,17
3.40833,0,0,0,0,0,0,0,0,0,23
3.44167,0,0,0,0,0,0,0,0,89,76
3.47500,0,0,0,0,0,0,0,0,270,216
3.50833,0,0,0,0,0,0,0,0,369,282
3.54167,0,0,0,0,0,0,0,0,402,313
3.57500,0,0,0,0,0,0,0,0,410,329
3.60833,0,0,0,0,0,0,0,0,417,342
3.64167,0,0,0,0,0,0,0,0,366,326
3.67500,0,0,0,0,0,0,0,0,260,265
3.70833,0,0,0,0,0,0,0,0,82,107
3.74167,0,0,0,0,0,0,0,0,0,36
3.77500,0,0,0,0,0,0,0,0,0,46
3.80833,0,0,0,0,0,0,70,67,0,55
3.84167,0,0,0,0,0,0,179,186,9,56
3.87500,0,0,0,0,0,0,260,298,12,60
3.90833,0,0,0,0,0,1,339,377,13,60
3.94167,0,0,0,0,0,7,416,414,17,63
3.97500,0,0,0,0,0,11,424,415,16,63
4.00833,0,0,0,0,0,13,420,422,17,61
4.04167,0,0,0,0,0,10,348,375,18,64
4.07500,0,0,0,1,0,0,281,319,18,58
4.10833,0,0,0,0,0,0,202,246,15,59
4.14167,0,0,0,0,0,0,90,105,15,54
4.17500,0,0,0,0,0,0,0,0,16,53
4.20833,0,0,0,0,0,0,0,0,15,55
4.24167,0,0,0,0,0,0,0,0,15,56
4.27500,21,0,0,0,0,0,0,0,119,122
4.30833,89,49,0,0,0,0,0,0,304,261
4.34167,114,55,0,0,0,1,0,0,405,310
4.37500,125,59,0,0,0,1,6,0,452,341
4.40833,121,65,0,0,0,0,6,0,448,332
4.44167,121,67,0,0,0,0,6,1,446,328
4.47500,97,56,0,0,0,0,0,0,366,280
4.50833,48,23,0,0,0,0,0,0,236,214
4.54167,0,0,0,0,0,0,0,0,77,92
4.57500,0,0,0,0,0,0,0,0,17,57
4.60833,0,0,0,0,0,0,0,0,16,58
4.64167,0,0,0,0,0,0,0,0,17,55
4.67500,76,41,0,0,0,0,0,0,15,54
4.70833,136,95,0,0,0,0,0,0,16,55
4.74167,153,119,0,0,0,0,0,0,16,55
4.77667,147,109,0,0,0,0,0,0,18,58
4.81000,138,103,0,0,0,0,0,0,18,58
4.84333,126,87,0,0,0,0,0,0,17,58
4.87667,84,49,0,0,0,0,0,0,15,58
4.91000,16,4,0,0,0,0,0,0,17,57
4.94333,0,0,0,0,0,0,0,0,17,59
4.97667,0,0,0,0,0,0,0,0,17,56
5.01000,0,0,0,0,0,0,0,0,17,58
5.04333,0,0,30,48,0,0,0,0,16,59
5.07667,0,0,144,165,0,0,0,0,16,58
5.11000,0,0,249,255,0,0,0,0,17,58
5.14333,0,0,300,282,0,0,0,0,15,58
5.17667,0,0,299,276,0,0,0,0,14,51
5.21000,0,0,297,275,0,0,0,0,14,49
5.24333,0,0,291,277,0,0,0,0,17,51
5.27667,0,0,215,210,0,0,0,0,14,46
5.31000,0,0,131,130,0,0,0,0,12,43
5.34333,0,0,0,0,0,0,0,0,12,36
5.37667,0,0,0,0,0,0,0,0,9,29
5.41000,184,133,0,0,0,0,0,0,7,24
5.44333,325,251,0,0,0,0,0,0,7,28
5.47667,388,316,0,0,0,0,0,0,5,25
5.51000,404,328,0,0,0,0,0,0,4,26
5.54333,406,334,0,0,0,0,0,0,5,24
5.57667,359,298,0,0,0,0,0,0,5,23
5.61000,284,231,0,0,0,0,0,0,6,21
5.64333,108,110,0,0,0,0,0,0,5,21
5.67667,0,0,0,0,0,0,0,0,5,22
5.71000,0,0,0,0,0,0,0,1,4,22
5.74333,61,70,0,0,0,0,0,0,115,107
5.77667,157,139,0,0,0,0,0,0,291,269
5.81000,156,143,0,0,0,0,0,0,438,362
5.84333,160,145,0,0,0,0,1,0,498,421
5.87667,160,144,0,0,0,0,1,0,501,421
5.91000,160,142,0,0,0,0,2,0,483,402
5.94333,159,145,0,0,0,0,0,0,400,346
5.97667,100,104,0,0,0,0,0,0,281,265
6.01000,0,0,0,0,0,0,0,0,143,142
6.04333,0,0,0,0,0,0,0,0,2,17
6.07667,0,0,0,0,0,0,0,0,2,13
6.11000,99,101,0,0,0,0,0,0,3,11
6.14333,231,197,0,0,0,0,0,0,2,12
6.17667,304,250,0,0,0,0,0,0,2,12
6.21000,356,299,0,0,0,0,0,0,3,11
6.24333,387,335,0,0,0,0,0,0,3,12
6.27667,397,339,0,0,0,0,0,0,3,15
6.31000,398,340,0,0,0,0,0,0,3,14
6.34333,395,337,0,0,0,0,0,0,3,14
6.37667,361,312,0,0,0,0,0,0,3,14
6.41000,309,261,0,0,0,0,0,0,2,11
6.44333,253,214,0,0,0,0,0,0,2,9
6.47667,183,153,0,0,0,0,0,0,2,8
6.51000,38,39,0,0,0,0,0,0,2,8
6.54333,2,0,0,0,0,0,0,0,0,8
6.57667,0,0,0,0,0,0,0,0,1,6
6.61000,0,0,0,0,0,0,104,96,92,79
6.64333,2,0,0,0,0,0,221,247,245,223
6.67667,0,0,0,0,0,0,246,246,360,319
6.71000,0,0,0,0,0,3,265,250,438,392
6.74333,0,0,0,0,0,2,269,251,480,420
6.77667,0,0,0,0,0,2,269,250,477,415
6.81000,0,0,0,0,0,2,275,249,447,386
6.84500,0,0,0,0,0,1,263,249,389,338
6.87833,0,0,0,0,0,1,201,228,317,281
6.91167,1,0,0,0,0,0,0,0,197,208
6.94500,0,0,0,0,0,0,0,0,84,85
6.97833,0,0,0,0,0,0,0,0,0,6
7.01167,0,0,0,0,0,0,99,95,0,6
7.04500,1,0,0,0,0,0,207,230,0,5
7.07833,1,0,0,0,0,0,292,324,0,5
7.11167,1,0,0,0,0,0,382,401,0,5
7.14500,1,0,0,0,0,0,391,405,0,5
7.17833,0,0,0,0,0,0,391,397,0,5
7.21167,0,0,0,0,0,0,317,329,0,5
7.24500,1,0,0,0,0,0,199,245,0,5
7.27833,0,0,0,0,0,0,111,113,0,5
7.31167,0,0,0,0,0,0,0,0,0,5
7.34500,0,0,0,0,0,0,0,0,0,5
7.37833,0,0,0,0,0,0,0,0,88,74
7.41167,1,0,0,0,0,0,0,0,197,179
7.44500,1,0,0,0,0,0,0,0,332,294
7.47833,0,0,0,0,0,0,0,0,405,360
7.51167,0,0,0,0,0,0,1,0,438,389
7.54500,0,0,0,0,0,0,3,0,457,410
7.57833,1,0,0,0,0,0,5,0,463,412
7.61167,1,0,0,0,0,0,5,0,414,376
7.64500,1,0,0,0,0,0,1,0,363,324
7.67833,1,0,0,0,0,0,1,0,307,278
7.71167,2,0,0,0,0,0,0,0,221,216
7.74500,1,0,0,0,0,0,0,0,89,84
7.77833,0,0,0,0,0,0,0,0,0,4
7.81167,0,0,0,0,0,0,0,0,0,4
7.84500,0,0,0,0,0,0,0,0,0,4
7.87833,0,0,0,0,0,0,120,133,0,4
7.91167,0,0,0,0,0,0,215,252,0,6
7.94500,0,0,0,0,0,0,285,312,0,6
7.97833,0,0,0,0,0,0,338,365,0,6
8.01167,0,0,0,0,0,0,380,398,0,6
8.04500,0,0,0,0,0,0,389,399,0,6
8.07833,0,0,0,0,0,0,336,356,0,6
8.11167,0,0,0,0,0,0,275,306,0,6
8.14500,0,0,0,0,0,0,202,249,0,6
8.17833,1,0,0,0,0,0,138,142,0,6
8.21167,1,0,0,0,0,0,0,0,0,7
8.24500,0,0,0,0,0,0,0,0,0,7
8.27833,0,0,0,0,0,0,0,0,0,7
8.31167,0,0,0,0,0,0,0,0,0,6
8.34500,0,0,132,153,160,170,0,0,0,6
8.37833,0,0,220,212,279,298,0,0,0,6
8.41167,0,0,216,212,346,390,0,0,0,6
8.44500,0,0,213,210,347,394,0,0,0,6
8.47833,0,1,214,211,349,399,0,0,0,6
8.51167,2,0,210,209,280,307,0,0,0,6
8.54500,1,0,186,177,206,222,0,0,0,6
8.57833,0,0,0,0,94,98,0,0,0,7
8.61167,0,0,0,0,0,0,0,0,0,6
8.64500,0,0,0,0,0,0,0,0,0,6
8.67833,0,0,55,62,0,0,0,0,0,6
8.71167,0,0,154,156,0,0,0,0,0,6
8.74500,0,0,221,230,0,0,0,0,0,6
8.77833,0,0,278,277,0,0,0,0,0,6
8.81167,0,0,301,288,0,0,0,0,0,6
8.84500,0,0,296,283,0,0,0,0,0,8
8.87833,0,1,293,281,0,0,0,0,0,7
8.91333,0,1,270,257,0,0,0,0,0,7
8.94667,0,0,218,211,0,0,0,0,1,7
8.98000,0,0,168,167,0,0,0,0,1,7
9.01333,0,0,101,98,0,0,0,0,1,7
9.04667,0,0,5,0,0,0,0,0,1,8
9.08000,54,57,0,0,0,0,0,0,1,8
9.11333,222,192,0,0,0,0,0,0,1,7
9.14667,335,273,0,0,0,0,0,0,1,9
9.18000,403,338,0,0,0,0,0,0,1,9
9.21333,404,342,0,0,0,0,0,0,0,9
9.24667,395,337,0,0,0,0,0,0,0,8
9.28000,375,317,0,0,0,0,0,0,0,8
9.31333,314,263,0,0,0,0,0,0,0,9
9.34667,206,180,0,0,0,0,0,0,0,7
9.38000,33,37,0,0,0,0,0,0,0,7
9.41333,0,0,0,0,0,0,0,0,0,7
9.44667,0,0,0,0,0,0,0,0,0,8
9.48000,0,0,0,41,0,0,0,0,0,8
9.51333,0,0,154,169,0,0,0,0,1,8
9.54667,0,0,274,267,0,0,0,0,1,8
9.58000,0,2,334,334,0,0,0,0,1,8
9.61333,0,3,332,334,0,0,0,0,1,8
9.64667,0,3,327,332,0,1,0,0,2,8
9.68000,0,2,314,310,1,0,0,0,2,8
9.71333,0,1,242,239,0,0,0,0,2,8
9.74667,0,0,172,174,0,0,0,0,2,8
9.78000,0,0,71,65,0,0,0,0,3,8
9.81333,0,0,0,0,0,0,0,0,3,8
9.84667,0,0,0,0,0,0,0,0,3,8
9.88000,0,0,0,0,0,0,0,0,2,8
9.91333,71,78,0,0,0,0,0,0,2,8
9.94667,224,187,0,0,0,0,0,0,3,8
9.98000,303,261,0,0,0,0,0,0,3,8
10.01333,368,322,0,0,0,0,0,0,3,9
10.04667,411,352,0,0,0,0,0,0,3,10
10.08000,402,350,0,0,0,0,0,0,3,10
10.11333,391,336,0,0,0,0,0,0,3,10
10.14667,339,294,0,0,0,0,0,0,3,10
10.18000,287,247,0,0,0,0,0,0,3,9
10.21333,217,182,0,0,0,0,0,0,1,8
10.24667,56,62,0,0,0,0,0,0,2,10
10.28000,0,0,0,0,0,0,0,0,2,10
10.31333,1,0,0,0,0,0,0,0,3,10
10.34667,1,0,0,0,0,0,0,0,98,86
10.38000,1,0,0,0,0,0,0,0,294,247
10.41333,0,0,0,0,0,0,0,0,395,342
10.44667,0,0,0,0,0,0,0,1,432,389
10.48000,0,0,0,0,0,0,0,0,432,381
10.51333,0,0,0,0,0,0,0,0,427,376
10.54667,0,0,0,0,0,0,0,0,365,319
10.58000,0,0,0,0,0,0,0,0,238,230
10.61333,0,0,0,0,0,0,0,0,100,97
10.64667,0,0,0,0,0,0,0,0,1,7
10.68000,0,0,0,0,0,0,49,40,1,7
10.71333,0,0,0,0,0,0,187,204,1,8
10.74667,0,0,0,0,0,0,323,322,1,8
10.78000,0,0,0,0,0,0,428,403,3,8
10.81333,0,0,0,0,0,0,433,415,2,8
10.84667,0,0,0,0,0,0,434,416,2,8
10.88000,0,0,0,0,0,0,420,404,1,9
10.91333,0,0,0,0,0,0,337,342,3,9
10.94667,0,0,0,0,0,0,190,227,3,10
10.98167,0,0,0,0,0,0,97,104,3,9
11.01500,0,0,0,0,0,0,0,0,2,9
11.04833,0,0,0,0,0,0,0,0,2,9
11.08167,0,0,0,0,0,0,0,0,2,9
11.11500,1,0,0,0,0,0,0,0,139,119
11.14833,0,0,0,0,0,0,0,0,340,297
11.18167,0,0,0,0,0,0,0,0,423,360
11.21500,0,0,0,0,0,0,0,0,414,363
11.24833,0,0,0,0,0,0,0,0,412,368
11.28167,0,0,0,0,0,0,0,0,416,371
11.31500,0,0,0,0,0,0,0,0,351,309
11.34833,0,0,0,0,0,0,0,0,206,202
11.38167,0,0,0,0,0,0,0,0,66,68
11.41500,0,0,0,0,0,0,0,0,2,9
11.44833,0,0,0,0,0,0,0,0,2,9
11.48167,0,0,0,0,0,0,0,0,3,9
11.51500,175,162,0,0,0,0,0,0,260,233
11.54833,275,239,0,0,0,0,0,0,311,280
11.58167,352,304,0,0,0,0,0,0,307,277
11.61500,395,345,0,0,0,0,1,0,310,280
11.64833,395,342,0,0,0,0,1,0,309,275
11.68167,392,339,0,0,0,0,4,0,310,280
11.71500,386,335,0,0,0,0,4,0,313,278
11.74833,342,292,0,0,0,0,2,0,309,279
11.78167,285,248,0,0,0,0,0,0,310,276
11.81500,225,195,0,0,0,0,0,0,132,136
11.84833,111,113,0,0,0,0,0,0,3,9
11.88167,0,0,0,0,0,0,0,0,2,10
11.91500,0,0,0,0,0,0,0,0,2,10
11.94833,0,0,0,0,0,0,0,0,2,10
11.98167,0,0,0,0,0,0,0,0,2,10
12.01500,0,0,0,0,0,0,0,0,172,155
12.04833,0,0,0,0,0,0,0,1,349,296
12.08167,0,0,0,0,0,2,0,0,453,383
12.11500,0,0,0,0,0,2,0,0,500,424
12.14833,0,0,0,0,0,2,4,0,498,424
12.18167,0,0,0,0,0,2,12,0,500,426
12.21500,0,0,0,0,0,1,12,0,459,393
12.24833,0,0,0,0,0,1,0,0,365,315
12.28167,0,0,0,0,0,0,0,0,203,198
12.31500,1,0,0,0,0,0,0,0,67,69
12.34833,0,0,0,0,0,0,0,0,3,10
12.38167,0,0,0,0,0,0,0,0,3,12
12.41500,0,0,0,0,0,0,0,0,3,10
12.44833,0,0,0,0,0,0,48,38,3,11
12.48167,0,0,0,0,0,0,149,167,162,138
12.51500,0,0,0,0,0,0,244,263,184,170
12.54833,0,0,0,0,0,0,306,322,183,173
12.58167,0,0,0,0,0,0,354,372,189,169
12.61500,0,0,0,0,0,0,367,373,187,169
12.64833,0,0,0,0,0,0,369,369,183,170
12.68167,0,0,0,0,0,0,314,328,182,168
12.71500,0,0,0,0,0,0,237,264,182,170
12.74833,0,0,0,0,0,0,157,175,83,82
12.78167,0,0,0,0,0,0,63,70,1,8
12.81500,0,0,0,0,0,0,0,0,1,8
12.84833,0,0,0,0,0,0,0,0,1,9
12.88167,0,0,0,0,0,0,0,0,1,10
12.91500,0,0,0,0,47,56,0,0,1,10
12.94833,0,0,0,0,174,197,0,0,1,10
12.98167,0,0,0,0,259,283,0,0,0,10
13.01500,1,0,0,0,324,355,0,0,0,10
13.05000,0,0,0,0,371,405,0,0,1,10
13.08333,0,0,0,3,383,403,0,0,0,8
13.11667,0,0,0,12,376,407,0,0,1,6
13.15000,0,0,0,9,366,400,0,0,2,6
13.18333,0,0,0,8,311,326,0,0,2,6
13.21667,0,0,0,8,250,265,0,0,0,6
13.25000,0,0,0,1,190,201,0,0,0,6
13.28333,1,0,0,0,94,90,0,0,0,6
13.31667,0,0,0,0,0,0,0,0,0,7
13.35000,0,0,47,55,0,0,0,0,0,6
13.38333,0,0,150,152,0,0,0,0,0,6
13.41667,0,0,216,231,0,0,0,0,0,6
13.45000,0,0,274,279,0,0,0,0,0,6
13.48333,0,0,318,321,0,0,0,0,0,6
13.51667,1,0,323,321,0,0,0,0,2,6
13.55000,1,0,313,311,0,0,0,0,1,6
13.58333,1,0,272,264,0,0,0,0,1,6
13.61667,1,0,239,233,0,0,0,0,1,6
13.65000,1,1,196,193,0,0,0,0,1,6
13.68333,0,0,138,137,0,0,0,0,1,6
13.71667,0,0,56,54,0,0,0,0,2,6
13.75000,0,0,0,0,0,0,0,0,0,6
13.78333,0,0,0,0,0,0,0,0,0,5
13.81667,0,0,0,0,0,0,0,0,0,4
13.85000,51,56,0,0,0,0,0,0,0,4
13.88333,256,218,154,162,0,0,0,0,0,5
13.91667,365,299,158,165,0,0,0,0,0,6
13.95000,356,307,158,160,0,0,0,0,0,7
13.98333,353,304,158,165,0,0,0,0,0,7
14.01667,344,289,152,161,0,0,0,0,1,8
14.05000,253,216,142,145,0,0,0,0,0,7
14.08333,96,99,0,0,0,0,0,0,1,6
14.11667,0,0,0,0,0,0,0,0,1,7
14.15000,0,0,0,0,0,0,0,0,0,8
14.18333,0,0,0,0,0,0,0,0,141,120
14.21667,0,0,0,0,0,0,0,0,302,264
14.25000,0,0,0,0,0,0,0,0,387,337
14.28333,0,0,0,0,0,0,0,0,425,368
14.31667,0,0,0,0,0,0,0,0,421,363
14.35000,0,0,0,0,0,0,0,0,404,359
14.38333,0,0,0,0,0,0,0,0,348,302
14.41667,0,0,0,0,0,0,0,0,227,213
14.45000,0,0,0,0,0,0,0,0,85,87
14.48333,0,0,0,0,0,0,0,0,0,6
14.51667,0,0,0,0,0,0,0,0,1,6
14.55000,0,0,0,0,167,186,149,149,1,6
14.58333,0,0,0,0,226,245,252,271,1,6
14.61667,0,0,0,0,223,246,366,362,1,6
14.65000,0,0,1,2,221,242,434,414,3,6
14.68333,0,0,1,3,221,244,439,422,3,6
14.71667,0,0,1,2,220,241,437,416,3,6
14.75000,0,0,1,3,222,242,436,414,3,6
14.78333,0,0,1,4,219,239,384,373,4,6
14.81667,0,0,1,12,216,238,312,316,4,6
14.85000,0,0,0,0,154,162,191,230,1,6
14.88333,0,0,0,0,0,0,100,111,1,6
14.91667,0,0,0,0,0,0,0,0,1,6
14.95000,0,0,0,0,103,115,0,0,1,6
14.98333,0,0,0,0,217,241,0,0,0,6
15.01667,0,0,0,0,320,347,0,0,1,6
15.05000,0,0,0,4,362,390,0,0,1,6
15.08333,0,0,0,6,361,385,0,0,1,6
15.11833,0,0,0,7,355,386,0,0,1,6
15.15167,0,0,0,9,348,371,0,0,1,6
15.18500,0,0,0,8,288,305,0,0,1,6
15.21833,1,0,0,0,221,236,0,0,2,6
15.25167,0,0,0,0,123,129,0,0,1,6
15.28500,0,0,0,0,0,0,0,0,1,6
15.31833,0,0,0,0,0,0,0,0,1,6
15.35167,0,0,0,0,0,0,60,55,1,6
15.38500,0,0,0,0,0,0,183,197,1,6
15.41833,0,0,0,0,0,0,264,295,1,6
15.45167,0,0,0,0,0,0,348,374,2,6
15.48500,0,0,0,0,0,0,373,395,2,6
15.51833,0,0,0,0,0,0,378,395,1,6
15.55167,0,0,0,0,0,0,380,398,1,6
15.58500,0,0,0,0,0,0,331,345,1,6
15.61833,0,0,0,0,0,0,263,287,1,6
15.65167,0,0,0,0,0,0,155,171,2,6
15.68500,0,0,0,0,0,0,46,46,2,6
15.71833,0,0,0,0,0,0,0,0,2,6
15.75167,0,0,0,0,0,0,0,0,1,6
15.78500,0,0,0,0,0,0,0,0,1,6
15.81833,0,0,0,0,115,124,0,0,1,6
15.85167,1,0,0,0,208,232,0,0,1,6
15.88500,0,0,0,0,283,303,0,0,1,6
15.91833,0,0,0,3,343,377,0,0,1,6
15.95167,0,0,0,7,356,384,0,0,1,6
15.98500,1,0,0,7,351,382,0,0,1,6
16.01833,1,0,0,7,295,314,0,0,1,6
16.05167,0,0,0,0,235,255,0,0,1,6
16.08500,0,0,0,0,153,161,0,0,1,6
16.11833,0,0,0,0,47,40,0,0,1,6
16.15167,0,0,0,0,0,0,0,0,1,6
16.18500,0,0,0,0,0,0,0,0,1,6
16.21833,1,0,150,162,0,0,0,0,1,6
16.25167,1,0,249,259,0,0,0,0,1,6
16.28500,1,1,319,321,0,0,0,0,1,6
16.31833,1,1,327,331,0,0,0,0,1,6
16.35167,0,1,323,315,0,0,0,0,1,6
16.38500,0,1,311,304,0,0,0,0,1,6
16.41833,0,1,254,249,0,1,0,0,1,6
16.45167,0,0,179,172,0,0,0,0,1,6
16.48500,0,0,83,74,0,0,0,0,1,6
16.51833,0,0,0,0,0,0,0,0,1,6
16.55167,0,0,0,0,51,61,0,0,1,6
16.58500,0,0,0,0,189,209,0,0,1,6
16.61833,0,0,0,4,289,319,0,0,1,6
16.65167,1,0,0,6,343,377,0,0,1,6
16.68500,0,0,0,6,340,373,0,0,1,6
16.71833,0,0,0,6,342,374,0,0,1,6
16.75167,0,0,0,6,311,335,0,0,1,6
16.78500,0,0,0,4,236,256,0,0,1,6
16.81833,0,0,0,0,148,154,0,0,1,6
16.85167,0,0,0,0,0,0,0,0,1,6
16.88500,0,0,0,0,0,0,0,0,1,6
16.91833,0,0,0,0,0,0,147,153,1,6
16.95167,1,0,0,0,0,0,243,271,1,6
16.98500,1,0,0,0,0,0,326,349,1,6
17.01833,1,0,0,0,0,0,349,374,1,6
17.05167,1,0,0,0,0,0,351,365,1,6
17.08500,1,0,0,0,0,0,353,361,1,6
17.11833,1,0,0,0,0,0,295,316,1,6
17.15167,0,0,0,0,0,0,203,246,1,6
17.18667,0,0,0,0,0,0,103,119,1,6
17.22000,0,0,0,0,0,0,0,0,1,6
17.25333,1,0,0,0,0,0,0,0,1,6
17.28667,1,0,0,0,0,0,0,0,1,6
17.32000,0,0,0,0,103,114,0,0,1,6
17.35333,0,0,0,0,204,228,0,0,1,6
17.38667,0,0,0,0,300,331,0,0,1,6
17.42000,0,0,0,2,317,344,0,0,1,6
17.45333,0,0,0,5,316,347,0,0,1,6
17.48667,0,0,0,4,326,353,0,0,1,6
17.52000,0,0,0,5,266,284,0,0,1,6
17.55333,0,0,0,0,178,182,0,0,1,6
17.58667,0,0,0,0,57,46,0,0,1,6
17.62000,0,0,0,0,0,0,0,0,1,6
17.65333,0,0,0,0,0,0,0,0,1,6
17.68667,0,0,0,0,0,0,0,0,1,6
17.72000,0,0,0,0,0,0,0,0,1,6
17.75333,0,0,135,151,0,0,0,0,1,6
17.78667,0,0,227,234,0,0,0,0,1,6
17.82000,0,0,285,288,0,0,0,0,1,6
17.85333,0,0,283,289,0,0,0,0,1,6
17.88667,0,0,287,293,0,0,0,0,1,6
17.92000,0,0,223,217,0,0,0,0,1,6
17.95333,0,0,135,137,0,0,0,0,1,6
17.98667,0,0,0,0,0,0,0,0,1,6
18.02000,0,0,0,0,52,63,0,0,1,6
18.05333,0,0,0,0,197,217,0,0,1,6
18.08667,0,0,0,0,300,333,0,0,1,7
18.12000,0,0,0,0,314,340,0,0,1,7
18.15333,0,0,0,0,301,331,0,0,1,7
18.18667,0,0,0,0,225,239,0,0,1,6
18.22000,0,0,0,0,100,110,0,0,1,7
18.25333,0,0,0,0,0,0,0,0,1,7
18.28667,0,0,0,0,0,0,52,45,1,6
18.32000,0,0,0,0,0,0,178,206,1,6
18.35333,0,0,0,0,0,0,293,325,1,5
18.38667,0,0,0,0,0,0,379,389,1,5
18.42000,0,0,0,0,0,1,412,421,1,5
18.45333,0,0,0,0,0,2,421,422,1,5
18.48667,0,0,0,0,0,3,400,402,1,7
18.52000,0,0,0,0,0,3,328,336,1,7
18.55333,0,0,0,0,0,0,218,255,1,7
18.58667,0,0,0,0,0,0,142,160,0,7
18.62000,0,0,0,0,0,0,0,0,0,7
18.65333,0,0,0,0,0,0,0,0,0,7
18.68667,0,0,0,0,0,0,0,0,1,7
18.72000,0,0,0,0,0,0,0,0,1,7
18.75333,0,0,0,0,35,41,0,0,1,6
18.78667,0,0,0,0,175,191,0,0,1,6
18.82000,0,0,0,0,255,278,0,0,1,6
18.85333,0,0,0,8,336,371,0,0,1,6
18.88667,0,0,0,13,362,395,0,0,2,6
18.92000,0,0,0,15,357,393,0,0,2,6
18.95333,0,0,0,15,357,390,0,0,2,6
18.98667,0,0,0,13,353,382,0,0,2,6
19.02000,0,0,0,12,289,306,0,0,1,7
19.05333,0,0,0,0,225,238,0,0,2,7
19.08667,0,0,0,0,114,117,0,0,1,6
19.12000,0,0,0,0,0,0,0,0,1,6
19.15333,0,0,0,0,0,0,0,0,1,6
19.18667,0,0,0,0,0,0,0,0,1,6
19.22167,0,0,0,0,0,0,60,56,1,6
19.25500,0,0,0,0,0,0,169,180,1,6
19.28833,0,0,0,0,0,0,260,289,1,6
19.32167,0,0,0,0,0,0,320,341,1,6
19.35500,0,0,0,0,0,0,325,344,1,6
19.38833,0,0,0,0,0,0,326,346,1,6
19.42167,0,0,0,0,0,0,328,349,1,6
19.45500,0,0,0,0,0,0,280,308,1,6
19.48833,0,0,0,0,0,0,200,241,1,6
19.52167,0,0,0,0,0,0,138,149,1,6
19.55500,0,0,0,0,0,0,44,42,1,6
19.58833,0,0,0,0,0,0,0,0,1,6
19.62167,0,0,0,0,0,0,0,0,1,6
19.65500,0,0,0,0,53,61,0,0,1,6
19.68833,0,0,0,0,168,190,199,231,1,6
19.72167,0,0,0,1,254,279,217,259,1,6
19.75500,0,0,0,2,317,352,223,257,1,6
19.78833,0,0,0,6,354,387,222,255,1,6
19.82167,0,0,0,13,352,387,219,252,1,6
19.85500,0,0,0,16,313,334,216,249,1,6
19.88833,0,0,0,4,240,257,214,248,1,6
19.92167,1,0,0,0,184,203,128,135,1,6
19.95500,1,0,0,0,116,122,0,0,1,6
19.98833,1,0,0,0,0,0,0,0,1,6
20.02167,0,0,0,0,0,0,106,106,95,70
20.05500,1,0,0,0,0,0,216,240,238,223
20.08833,1,0,0,0,0,0,342,329,237,211
20.12167,1,0,0,0,0,0,387,366,237,210
20.15500,1,0,0,0,0,0,383,364,234,210
20.18833,1,0,0,0,0,1,383,366,235,212
20.22167,0,0,0,0,0,3,282,299,234,213
20.25500,0,0,0,0,0,0,176,209,123,123
20.28833,0,0,0,0,0,0,79,79,1,5
20.32167,1,0,0,0,0,0,0,0,1,5
20.35500,1,0,0,0,0,0,0,0,1,5
20.38833,0,0,0,0,0,0,0,0,1,5
20.42167,0,0,0,0,0,0,0,0,165,145
20.45500,1,0,0,0,0,0,0,0,334,289
20.48833,1,0,0,0,0,0,0,0,387,343
20.52167,1,0,0,0,0,0,0,0,388,338
20.55500,0,0,0,0,0,0,0,0,311,273
20.58833,0,0,0,0,0,0,0,0,125,124
20.62167,0,0,0,0,0,0,0,0,1,6
20.65500,0,0,0,0,0,0,0,0,0,6
20.68833,0,0,0,0,0,0,0,0,1,6
20.72167,139,134,0,0,0,0,0,0,123,110
20.75500,275,242,0,0,0,0,0,0,198,189
20.78833,374,324,0,0,0,0,2,0,196,182
20.82167,396,348,0,0,0,0,2,0,197,186
20.85500,393,347,0,0,0,0,1,0,194,184
20.88833,345,299,0,0,0,1,1,0,194,187
20.92167,272,236,0,0,0,0,0,0,158,161
20.95500,161,142,0,0,0,0,0,0,1,7
20.98833,34,34,0,0,0,0,0,0,1,6
21.02167,2,0,0,0,0,0,0,0,1,6
21.05500,0,0,0,0,0,0,0,0,0,6
21.08833,0,0,0,0,0,0,0,0,1,6
21.12167,0,0,0,0,0,0,0,0,95,75
21.15500,0,0,0,0,0,0,0,0,250,221
21.18833,0,0,0,0,0,0,0,0,375,320
21.22167,0,0,0,0,0,0,0,0,427,365
21.25500,0,0,0,0,0,0,0,0,424,367
21.29000,0,0,0,0,0,0,0,0,425,362
21.32333,0,0,0,0,0,0,0,0,383,332
21.35667,0,0,0,0,0,0,0,0,300,266
21.39000,0,0,0,0,0,0,0,0,165,162
21.42333,0,0,0,0,0,0,0,0,4,14
21.45667,35,36,0,0,0,0,0,0,2,6
21.49000,214,186,0,0,0,0,0,0,1,5
21.52333,326,280,0,0,0,0,0,0,1,5
21.55667,357,310,0,0,0,0,0,0,1,6
21.59000,356,309,0,0,0,0,0,0,1,7
21.62333,329,275,0,0,0,0,0,0,1,6
21.65667,234,203,0,0,0,0,0,0,1,6
21.69000,52,55,0,0,0,0,0,0,1,6
21.72333,0,0,0,0,0,0,0,0,1,6
21.75667,0,0,0,0,0,0,0,0,1,6
21.79000,0,0,0,0,0,0,0,0,1,6
21.82333,0,0,0,0,0,0,0,0,51,42
21.85667,0,0,0,0,0,0,0,0,178,159
21.89000,0,0,0,0,0,0,0,0,312,256
21.92333,0,0,0,0,0,0,0,0,360,315
21.95667,0,0,0,0,0,0,0,0,406,349
21.99000,0,0,0,0,0,0,0,0,403,343
22.02333,0,0,0,0,0,0,0,0,399,345
22.05667,0,0,0,0,0,0,0,0,373,324
22.09000,0,0,0,0,0,0,0,0,318,276
22.12333,0,0,0,0,0,0,0,0,209,209
22.15667,0,0,0,0,0,0,0,0,89,85
22.19000,0,0,0,0,0,0,0,0,0,5
22.22333,0,0,0,0,0,0,0,0,0,4
22.25667,0,0,0,0,0,0,0,0,0,4
22.29000,68,74,0,0,0,0,0,0,0,5
22.32333,208,175,0,0,0,0,0,0,0,7
22.35667,288,243,0,0,0,0,0,0,0,8
22.39000,349,309,0,0,0,0,0,0,0,8
22.42333,387,326,0,0,0,0,0,0,0,8
22.45667,382,320,0,0,0,0,0,0,0,7
22.49000,371,317,0,0,0,0,0,0,0,8
22.52333,316,265,0,0,0,0,0,0,0,8
22.55667,262,220,0,0,0,0,0,0,0,8
22.59000,188,163,0,0,0,0,0,0,0,6
22.62333,69,72,0,0,0,0,0,0,1,7
22.65667,1,0,0,0,0,0,0,0,1,7
22.69000,1,0,0,0,0,0,0,0,1,7
22.72333,0,0,0,0,0,0,0,0,1,5
22.75667,0,0,99,111,0,0,0,0,1,5
22.79000,0,0,211,214,0,0,0,0,1,5
22.82333,0,0,293,303,0,0,0,0,1,6
22.85667,0,0,328,331,0,0,0,0,1,6
22.89000,0,0,324,323,0,0,0,0,1,7
22.92333,0,0,272,267,0,0,0,0,1,7
22.95667,0,0,205,207,0,0,0,0,1,7
22.99000,0,0,112,111,0,0,0,0,1,7
23.02333,0,0,1,0,0,0,0,0,1,7
23.05667,107,109,97,109,0,0,0,0,1,7
23.09000,236,194,147,153,0,0,0,0,1,7
23.12333,309,256,146,152,0,0,0,0,1,8
23.15667,362,296,151,152,0,0,0,0,1,8
23.19000,365,302,148,153,0,0,0,0,0,9
23.22333,335,283,146,151,0,0,0,0,0,10
23.25667,283,234,146,151,0,0,0,0,0,10
23.29000,229,191,101,99,0,0,0,0,0,6
23.32333,121,117,0,0,0,0,0,0,0,6
23.35833,16,18,0,0,0,0,0,0,1,7
23.39167,0,0,0,0,0,0,0,0,1,7
23.42500,0,0,0,0,0,0,0,0,0,6
23.45833,0,0,0,0,0,0,0,0,112,97
23.49167,0,0,0,0,0,0,0,0,315,268
23.52500,0,0,0,0,0,0,0,0,425,355
23.55833,0,0,0,0,0,0,0,0,431,361
23.59167,0,0,0,0,0,0,0,0,434,365
23.62500,0,0,0,0,0,0,0,0,434,367
23.65833,0,0,0,0,0,0,0,0,395,337
23.69167,0,0,0,0,0,0,0,0,280,248
23.72500,0,0,0,0,0,0,0,0,82,83
23.75833,0,0,0,0,0,0,0,0,0,4
23.79167,108,114,41,60,0,0,0,0,0,5
23.82500,232,199,124,136,0,0,0,0,0,5
23.85833,300,263,123,136,0,0,0,0,0,7
23.89167,361,299,124,136,0,0,0,0,0,7
23.92500,391,336,124,138,0,0,0,0,0,8
23.95833,386,330,126,135,0,0,0,0,0,8
23.99167,383,320,125,135,0,0,0,0,0,7
24.02500,339,281,128,135,0,0,0,0,0,7
24.05833,278,237,129,136,0,0,0,0,0,7
24.09167,202,172,77,76,0,0,0,0,0,6
24.12500,77,77,0,0,0,0,0,0,0,7
24.15833,1,0,0,0,0,0,0,0,1,6
24.19167,0,0,0,0,0,0,0,0,1,6
24.22500,0,0,0,0,0,0,0,0,1,6
24.25833,0,0,0,0,0,0,0,0,134,113
24.29167,0,0,0,0,0,0,0,0,275,238
24.32500,0,0,0,0,0,0,0,0,344,291
24.35833,0,0,0,0,0,0,0,0,410,346
24.39167,0,0,0,0,0,0,0,0,459,384
24.42500,0,0,0,0,0,0,0,0,458,385
24.45833,0,0,0,0,0,0,0,0,460,385
24.49167,0,0,0,0,0,0,1,0,462,385
24.52500,0,0,0,0,0,0,3,0,430,360
24.55833,0,0,0,0,0,0,0,0,370,323
24.59167,0,0,0,0,0,0,0,0,313,272
24.62500,0,0,0,0,0,0,0,0,211,205
24.65833,0,0,0,0,0,0,0,0,94,83
24.69167,0,0,0,0,0,0,0,0,2,8
24.72500,0,0,0,0,0,0,0,0,1,7
24.75833,0,0,0,0,0,0,0,0,0,7
24.79167,0,0,0,0,0,0,0,0,0,7
24.82500,45,48,0,0,0,0,0,0,0,6
24.85833,223,182,0,0,0,0,0,0,0,7
24.89167,310,266,0,0,0,0,0,0,1,8
24.92500,382,320,0,0,0,0,0,0,0,10
24.95833,392,332,0,0,0,0,0,0,0,11
24.99167,391,331,0,0,0,0,0,0,0,10
25.02500,391,326,0,0,0,0,0,0,1,10
25.05833,336,283,0,0,0,0,0,0,2,9
25.09167,287,242,0,0,0,0,0,0,1,8
25.12500,215,187,0,0,0,0,0,0,1,7
25.15833,67,71,0,0,0,0,0,0,1,7
25.19167,1,0,0,0,0,0,0,0,1,7
25.22500,0,0,0,0,0,0,0,0,1,7
25.25833,1,0,0,0,0,0,0,0,1,7
25.29167,0,0,78,87,0,0,0,0,1,7
25.32500,0,0,173,179,0,0,0,0,1,8
25.35833,0,0,244,251,0,0,0,0,1,8
25.39167,0,0,281,288,0,0,0,0,1,8
25.42667,0,0,277,285,0,0,0,0,1,8
25.46000,0,0,272,281,0,0,0,0,2,9
25.49333,0,0,275,282,0,0,0,0,2,8
25.52667,0,0,221,223,0,0,0,0,2,8
25.56000,0,0,156,161,0,0,0,0,2,8
25.59333,0,0,76,74,0,0,0,0,2,8
25.62667,0,0,0,0,0,0,0,0,2,8
25.66000,0,0,0,0,0,0,0,0,2,8
25.69333,0,0,0,0,0,0,0,0,2,8
25.72667,58,62,0,0,0,0,0,0,2,8
25.76000,200,171,0,0,0,0,0,0,2,8
25.79333,293,244,0,0,0,0,0,0,2,9
25.82667,367,307,0,0,0,0,0,0,2,12
25.86000,417,347,0,0,0,0,0,0,2,12
25.89333,417,348,0,0,0,0,0,0,2,11
25.92667,414,353,0,0,0,0,0,0,2,11
25.96000,371,315,0,0,0,0,0,0,2,12
25.99333,330,269,0,0,0,0,0,0,2,10
26.02667,277,233,0,0,0,0,0,0,2,11
26.06000,219,183,0,0,0,0,0,0,2,9
26.09333,99,101,0,0,0,0,0,0,1,8
26.12667,2,0,0,0,0,0,0,0,1,8
26.16000,1,0,0,0,0,0,0,0,1,8
26.19333,0,0,0,0,0,0,0,0,1,8
26.22667,0,0,0,0,0,0,0,0,1,8
26.26000,0,0,0,0,0,0,0,0,114,89
26.29333,0,0,0,0,0,0,0,0,278,238
26.32667,0,0,0,0,0,0,0,0,383,326
26.36000,0,0,0,0,0,0,0,0,429,373
26.39333,0,0,0,0,0,0,0,0,446,380
26.42667,0,0,0,0,0,0,0,0,445,381
26.46000,0,0,0,0,0,0,0,0,440,375
26.49333,0,0,0,0,0,0,0,0,391,338
26.52667,0,0,0,0,0,0,0,0,328,287
26.56000,0,0,0,0,0,0,0,0,259,230
26.59333,0,0,0,0,0,0,0,0,105,102
26.62667,0,0,0,0,0,0,0,0,4,8
26.66000,0,0,0,0,0,0,0,0,1,8
26.69333,0,0,0,0,0,0,0,0,1,8
26.72667,0,0,0,0,0,0,57,54,1,6
26.76000,0,0,0,0,0,0,162,169,1,6
26.79333,0,0,0,0,0,0,245,281,1,6
26.82667,0,0,0,0,0,0,337,348,1,6
26.86000,0,0,0,0,0,0,405,393,1,6
26.89333,0,0,0,0,0,0,410,400,1,7
26.92667,0,0,0,0,0,0,412,402,2,6
26.96000,0,0,0,0,0,0,394,394,2,7
26.99333,0,0,0,0,0,0,335,347,2,7
27.02667,0,0,0,0,0,1,294,300,2,7
27.06000,0,0,0,0,0,0,220,249,2,7
27.09333,0,0,0,0,0,0,150,167,0,7
27.12667,0,0,0,0,0,0,61,62,1,7
27.16000,0,0,0,0,0,0,0,1,0,7
27.19333,0,0,0,0,0,0,0,0,1,7
27.22667,0,0,0,0,0,0,0,0,0,7
27.26000,0,0,0,0,0,0,0,0,1,7
27.29333,0,0,0,0,0,0,0,0,125,108
27.32667,0,0,0,0,0,0,0,0,307,267
27.36000,1,0,0,0,0,0,0,0,413,365
27.39333,1,0,0,0,0,0,0,0,429,372
27.42667,1,0,0,0,0,0,0,0,435,374
27.46000,0,0,0,0,0,0,0,0,374,334
27.49500,1,0,0,0,0,0,0,0,272,252
27.52833,1,0,0,0,0,0,0,0,112,108
27.56167,1,0,0,0,0,0,0,0,3,6
27.59500,1,0,0,0,0,0,0,0,2,5
27.62833,0,0,0,0,0,0,0,0,1,6
27.66167,0,0,0,0,0,0,92,86,1,7
27.69500,0,0,0,0,0,0,206,231,1,7
27.72833,0,0,0,0,0,0,328,334,1,7
27.76167,0,0,0,0,0,0,368,376,1,7
27.79500,0,0,0,0,0,0,371,375,1,7
27.82833,0,0,0,0,0,0,360,368,1,7
27.86167,0,0,0,0,0,0,276,291,1,6
27.89500,0,0,0,0,0,0,169,208,1,5
27.92833,0,0,0,0,0,0,60,64,1,6
27.96167,0,0,0,0,0,0,0,0,1,7
27.99500,0,0,0,0,0,0,0,0,75,62
28.02833,0,0,0,0,0,0,0,0,203,172
28.06167,0,0,0,0,0,0,0,0,323,282
28.09500,0,0,0,0,0,0,0,0,397,347
28.12833,0,0,0,0,0,0,0,0,425,368
28.16167,0,0,0,0,0,0,0,0,421,368
28.19500,0,0,0,0,0,0,0,0,420,370
28.22833,0,0,0,0,0,0,0,0,393,337
28.26167,0,0,0,0,0,0,0,0,333,295
28.29500,0,0,0,0,0,0,0,0,271,249
28.32833,0,0,0,0,0,0,0,0,153,146
28.36167,0,0,0,0,0,0,0,0,2,11
28.39500,0,0,0,0,0,0,0,0,2,7
28.42833,0,0,0,0,0,0,0,0,2,7
28.46167,88,91,0,0,0,0,0,0,2,8
28.49500,218,190,0,0,0,0,0,0,1,7
28.52833,288,244,0,0,0,0,0,0,1,7
28.56167,347,304,0,0,0,0,0,0,1,8
28.59500,405,343,0,0,0,0,1,0,2,10
28.62833,416,362,0,0,0,0,1,0,2,10
28.66167,408,358,0,0,0,0,1,0,2,10
28.69500,381,330,0,0,0,0,1,0,2,11
28.72833,340,288,0,0,0,0,0,0,2,10
28.76167,294,246,0,0,0,0,0,0,2,11
28.79500,235,197,0,0,0,0,0,0,2,8
28.82833,104,104,0,0,0,0,0,0,2,8
28.86167,0,0,0,0,0,0,0,0,2,8
28.89500,0,0,0,0,0,0,0,0,2,8
28.92833,0,0,0,0,0,0,0,0,2,8
28.96167,0,0,135,147,0,0,0,0,2,8
28.99500,0,0,227,235,0,0,0,0,2,8
29.02833,0,0,297,299,0,0,0,0,2,8
29.06167,0,0,303,304,0,0,0,0,2,8
29.09500,0,0,305,299,0,0,0,0,2,8
29.12833,0,0,295,294,0,0,0,0,2,8
29.16167,0,0,250,245,0,0,0,0,2,8
29.19500,0,0,193,189,0,0,0,0,2,8
29.22833,0,0,108,108,0,0,0,0,2,8
29.26167,0,0,0,0,0,0,0,0,2,8
29.29500,0,0,0,0,0,0,0,0,2,8
29.32833,0,0,0,0,0,0,0,0,2,8
29.36167,0,0,0,0,0,0,0,0,2,8
29.39500,157,140,0,0,0,0,0,0,2,9
29.42833,274,235,0,0,0,0,0,0,2,8
29.46167,347,292,0,0,0,0,0,0,2,8
29.49500,350,299,0,0,0,0,0,0,2,9
29.52833,343,292,0,0,0,0,0,0,2,9
29.56333,272,234,0,0,0,0,0,0,2,8
29.59667,196,167,0,0,0,0,0,0,1,8
29.63000,45,52,0,0,0,0,0,0,1,8
29.66333,0,0,0,0,0,0,0,0,1,8
29.69667,0,0,0,0,0,0,0,0,1,8
29.73000,0,0,0,0,0,0,0,0,1,8
29.76333,0,0,0,0,0,0,0,0,94,82
29.79667,0,0,0,0,0,0,0,0,300,256
29.83000,0,0,0,0,0,0,1,1,421,355
29.86333,0,0,0,0,0,0,11,2,477,400
29.89667,0,0,0,0,0,0,12,2,471,397
29.93000,0,0,0,0,0,0,13,2,463,394
29.96333,0,0,0,0,0,0,1,0,381,329
29.99667,0,0,0,0,0,0,0,0,291,254
30.03000,0,0,0,0,0,0,0,0,167,158
30.06333,0,0,0,0,0,0,0,0,43,56
30.09667,0,0,0,0,0,0,0,0,1,10
30.13000,0,0,0,0,0,0,0,0,2,10
30.16333,0,0,0,0,0,0,75,75,2,8
30.19667,0,0,0,0,0,0,203,229,242,221
30.23000,0,0,0,0,0,0,333,332,259,239
30.26333,0,0,0,0,0,0,357,352,258,239
30.29667,0,0,0,0,0,1,356,350,254,240
30.33000,0,0,0,0,0,1,374,359,255,236
30.36333,0,0,0,0,0,1,323,313,254,235
30.39667,0,0,0,0,0,1,201,238,250,233
30.43000,0,0,0,0,0,0,110,120,72,87
30.46333,0,0,0,0,0,0,0,0,0,7
30.49667,0,0,0,0,0,0,0,0,1,7
30.53000,0,0,0,0,0,0,0,0,1,7
30.56333,0,0,0,0,50,58,0,0,0,6
30.59667,0,0,0,0,167,176,0,0,0,6
30.63000,0,0,0,0,237,265,0,0,0,8
30.66333,0,0,0,0,297,322,0,0,0,8
30.69667,0,0,0,0,323,350,0,0,0,7
30.73000,0,0,0,0,316,345,0,0,0,8
30.76333,0,0,0,1,313,344,0,0,1,8
30.79667,0,0,0,1,278,298,0,0,2,8
30.83000,0,0,0,2,218,242,0,0,2,8
30.86333,0,0,0,0,163,173,0,0,2,8
30.89667,0,0,0,0,73,73,0,0,2,8
30.93000,0,0,0,0,0,0,0,0,2,7
30.96333,0,0,0,0,0,0,107,105,1,7
30.99667,0,0,0,0,0,0,231,260,2,8
31.03000,0,0,0,0,0,0,330,347,3,8
31.06333,0,0,0,0,0,0,331,349,2,8
31.09667,0,0,0,0,0,0,329,347,2,8
31.13000,0,0,0,0,0,0,300,327,2,8
31.16333,0,0,0,0,0,0,197,228,2,8
31.19667,0,0,0,0,0,0,63,66,2,8
31.23000,0,0,0,0,0,0,0,0,2,8
31.26333,0,0,0,0,0,0,0,0,2,8
31.29667,0,0,0,0,0,0,0,0,2,7
31.33000,0,0,0,0,0,0,143,152,115,101
31.36333,0,0,0,0,0,0,230,253,254,230
31.39667,0,0,0,0,0,0,251,257,375,327
31.43000,0,0,0,0,0,0,259,258,434,372
31.46333,0,0,0,0,0,0,263,257,438,388
31.49667,0,0,0,0,0,0,264,257,444,387
31.53000,0,0,0,0,0,1,265,257,395,348
31.56333,0,0,0,0,0,1,238,260,318,279
31.59667,0,0,0,0,0,0,64,78,218,206
31.63167,0,0,0,0,0,0,0,0,83,82
31.66500,38,47,0,0,0,0,0,0,2,5
31.69833,207,185,0,0,0,0,0,0,1,7
31.73167,319,272,0,0,0,0,0,0,1,8
31.76500,401,345,0,0,0,0,0,0,1,12
31.79833,412,352,0,0,0,0,0,0,1,12
31.83167,405,348,0,0,0,0,0,0,1,12
31.86500,356,298,0,0,0,0,0,0,1,12
31.89833,270,234,0,0,0,0,0,0,2,7
31.93167,149,142,0,0,0,0,0,0,2,7
31.96500,23,23,0,0,0,0,0,0,2,7
31.99833,0,0,0,0,0,0,0,0,2,7
32.03167,0,0,0,0,0,0,0,0,2,7
32.06500,0,0,0,0,0,0,0,0,2,7
32.09833,0,0,0,0,0,0,0,0,80,65
32.13167,0,0,0,0,0,0,0,0,210,196
32.16500,0,0,0,0,0,0,0,0,342,289
32.19833,0,0,0,0,0,0,0,0,399,345
32.23167,0,0,0,0,0,0,0,0,456,388
32.26500,0,0,0,0,0,0,0,0,463,393
32.29833,0,0,0,0,0,0,0,0,464,397
32.33167,0,0,0,0,0,0,0,0,445,389
32.36500,0,0,0,0,0,0,3,0,410,351
32.39833,0,0,0,0,0,0,0,0,368,318
32.43167,0,0,0,0,0,0,0,0,282,254
32.46500,0,0,0,0,0,0,0,0,174,163
32.49833,0,0,0,0,0,0,0,0,27,39
32.53167,0,0,0,0,0,0,0,0,1,6
32.56500,0,0,0,0,0,0,0,0,1,6
32.59833,0,0,0,0,0,0,0,0,2,7
32.63167,87,97,0,0,0,0,0,0,2,6
32.66500,215,193,0,0,0,0,0,0,2,6
32.69833,295,252,0,0,0,0,0,0,2,7
32.73167,345,294,0,0,0,0,0,0,2,10
32.76500,387,332,0,0,0,0,0,0,2,10
32.79833,377,329,0,0,0,0,0,0,2,11
32.83167,384,326,0,0,0,0,0,0,2,11
32.86500,355,308,0,0,0,0,0,0,0,10
32.89833,316,268,0,0,0,0,0,0,0,9
32.93167,272,232,0,0,0,0,0,0,0,9
32.96500,211,179,0,0,0,0,0,0,0,9
32.99833,98,100,0,0,0,0,0,0,1,7
33.03167,0,0,0,0,0,0,0,0,1,7
33.06500,0,0,0,0,0,0,0,0,51,38
33.09833,0,0,0,0,0,0,0,0,278,234
33.13167,0,0,0,0,0,0,0,0,396,341
33.16500,0,0,0,0,0,0,0,0,401,346
33.19833,0,0,0,0,0,0,0,0,406,351
33.23167,0,0,0,0,0,0,0,0,347,309
33.26500,0,0,0,0,0,0,0,0,219,200
33.29833,0,0,0,0,0,0,0,0,74,75
33.33167,0,0,0,0,0,0,0,0,1,5
33.36500,0,0,0,0,0,0,0,0,1,5
33.39833,0,0,0,0,0,0,0,0,1,5
33.43167,0,0,0,0,0,0,115,117,1,5
33.46500,0,0,0,0,0,0,227,252,1,5
33.49833,0,0,0,0,0,0,305,333,1,5
33.53167,0,0,0,0,0,0,328,354,1,6
33.56500,0,0,0,0,0,0,333,353,1,5
33.59833,0,0,0,0,0,0,344,355,1,6
33.63167,0,0,0,0,0,0,266,287,1,8
33.66500,0,0,0,0,0,0,167,192,1,9
33.70000,0,0,0,0,0,0,0,14,1,8
33.73333,0,0,0,0,0,0,0,0,1,8
33.76667,0,0,0,0,0,0,0,0,1,8
33.80000,0,0,0,0,81,88,0,0,1,8
33.83333,0,0,0,0,218,250,189,208,1,8
33.86667,0,0,0,5,314,339,196,220,1,8
33.90000,0,0,0,5,316,338,195,221,1,8
33.93333,0,0,0,5,307,340,194,224,1,7
33.96667,0,0,0,9,297,328,196,223,1,7
34.00000,0,0,0,0,204,216,163,184,0,7
34.03333,0,0,0,0,113,116,0,0,0,7
34.06667,0,0,0,0,0,0,0,0,0,7
34.10000,0,0,0,0,0,0,0,0,0,7
34.13333,0,0,0,0,0,0,0,0,0,7
34.16667,0,0,0,0,0,0,72,71,0,7
34.20000,0,0,0,0,0,0,197,219,0,7
34.23333,0,0,0,0,0,0,298,319,0,7
34.26667,0,0,0,0,0,0,321,341,0,7
34.30000,0,0,0,0,0,0,323,345,0,7
34.33333,0,0,0,0,0,0,317,340,0,8
34.36667,0,0,0,0,0,0,214,253,1,8
34.40000,0,0,0,0,0,0,104,111,1,9
34.43333,0,0,0,0,0,0,0,0,1,8
34.46667,0,0,0,0,0,0,0,0,1,8
34.50000,0,0,0,0,0,0,0,0,1,8
34.53333,0,0,0,0,0,0,0,0,1,8
34.56667,0,0,0,0,162,181,0,0,1,8
34.60000,0,0,0,0,269,288,0,0,1,8
34.63333,0,0,0,3,334,370,0,0,1,8
34.66667,0,0,0,4,333,371,0,0,1,8
34.70000,1,0,0,4,333,366,0,0,1,8
34.73333,0,0,0,5,300,330,0,0,1,8
34.76667,0,0,0,0,220,236,0,0,1,8
34.80000,0,0,0,0,115,115,0,0,1,8
34.83333,0,0,0,0,0,0,0,0,1,8
34.86667,0,0,0,0,0,0,0,0,1,8
34.90000,0,0,0,0,0,0,0,0,1,8
34.93333,0,0,0,0,0,0,74,74,1,8
34.96667,0,0,0,0,0,0,179,206,1,8
35.00000,0,0,0,0,0,0,276,300,1,8
35.03333,0,0,0,0,0,0,313,346,1,8
35.06667,0,0,0,0,0,0,314,343,1,8
35.10000,0,0,0,0,0,0,310,343,1,8
35.13333,0,0,0,0,0,2,225,270,1,8
35.16667,0,0,0,0,0,0,144,160,0,7
35.20000,0,0,0,0,0,0,52,50,0,7
35.23333,0,0,0,0,0,0,0,0,0,7
35.26667,0,0,0,0,97,110,0,0,0,7
35.30000,0,0,0,0,215,226,0,0,0,7
35.33333,0,0,0,0,287,316,0,0,0,7
35.36667,0,0,0,0,307,346,0,0,0,7
35.40000,0,0,0,0,306,344,0,0,0,7
35.43333,0,0,0,0,301,332,0,0,0,7
35.46667,0,0,0,1,228,248,0,0,0,7
35.50000,0,0,0,0,156,170,0,0,0,7
35.53333,0,0,0,0,65,65,0,0,0,7
35.56667,0,0,0,0,0,0,0,0,0,7
35.60000,0,0,0,0,0,0,0,0,0,7
35.63333,0,0,104,118,0,0,0,0,0,7
35.66667,0,0,214,224,0,0,0,0,0,7
35.70000,0,0,300,300,0,0,0,0,1,7
35.73333,0,1,328,325,0,0,0,0,0,7
35.76833,0,1,325,323,0,0,0,0,0,7
35.80167,0,1,308,305,0,0,0,0,0,7
35.83500,0,1,261,253,0,0,0,0,0,6
35.86833,0,0,178,178,0,0,0,0,0,6
35.90167,0,0,67,63,0,0,0,0,1,6
35.93500,0,0,0,0,0,0,0,0,1,6
35.96833,0,0,0,0,52,62,0,0,1,6
36.00167,0,0,0,0,168,184,0,0,1,6
36.03500,0,0,0,0,250,281,0,0,1,6
36.06833,0,0,0,0,311,344,0,0,1,6
36.10167,0,0,0,0,316,343,0,0,1,6
36.13500,0,0,0,0,309,336,0,0,0,6
36.16833,0,0,0,0,240,259,0,0,0,6
36.20167,1,0,0,0,157,162,0,0,0,6
36.23500,0,0,0,0,36,20,0,0,0,6
36.26833,0,0,0,0,0,0,0,0,0,6
36.30167,0,0,0,0,0,0,56,50,0,6
36.33500,0,0,0,0,0,0,167,172,1,6
36.36833,0,0,0,0,0,0,226,262,2,6
36.40167,0,0,0,0,0,0,322,335,0,6
36.43500,0,0,0,0,0,0,355,367,0,5
36.46833,0,0,0,0,0,0,356,361,0,4
36.50167,0,0,0,0,0,0,353,359,0,4
36.53500,0,0,0,0,0,0,295,319,0,3
36.56833,1,0,0,0,0,0,218,256,0,4
36.60167,0,0,0,0,0,0,158,176,0,3
36.63500,0,0,0,0,0,0,66,64,0,3
36.66833,0,0,0,0,0,0,0,0,0,2
36.70167,0,0,0,0,0,0,0,0,0,1
36.73500,0,0,0,0,0,0,0,0,0,1
36.76833,1,0,0,0,96,107,0,0,0,1
36.80167,2,0,0,0,207,227,0,0,0,1
36.83500,0,0,0,0,288,317,0,0,0,1
36.86833,0,0,0,0,337,372,0,0,0,1
36.90167,1,0,0,0,328,364,0,0,0,1
36.93500,0,0,0,0,337,374,0,0,0,3
36.96833,0,0,0,0,334,359,0,0,0,4
37.00167,1,0,0,1,279,303,0,0,0,4
37.03500,0,0,0,0,201,218,0,0,0,4
37.06833,0,0,0,0,107,115,0,0,0,3
37.10167,0,0,0,0,0,0,0,0,0,3
37.13500,0,0,0,0,0,0,0,0,0,4
37.16833,0,0,93,103,0,0,0,0,0,3
37.20167,0,0,175,193,0,0,0,0,0,2
37.23500,0,0,241,256,0,0,0,0,0,1
37.26833,0,0,280,297,0,0,0,0,0,1
37.30167,0,2,290,334,0,0,0,0,0,0
37.33500,0,2,295,336,0,0,0,0,0,1
37.36833,0,2,294,320,0,0,0,0,0,0
37.40167,0,0,274,268,0,0,0,0,0,0
37.43500,0,0,233,232,0,0,0,0,0,2
37.46833,0,0,180,187,0,0,0,0,0,3
37.50167,0,0,109,105,0,0,0,0,0,4
37.53500,0,0,0,0,0,0,0,0,0,4
37.56833,0,0,0,0,0,0,0,0,0,3
37.60167,0,0,0,0,0,0,0,0,0,4
37.63500,1,0,0,0,136,156,0,0,0,4
37.66833,0,0,0,0,253,275,0,0,0,4
37.70167,0,0,0,3,338,366,0,0,0,4
37.73500,0,0,0,3,346,368,0,0,0,4
37.76833,0,0,0,5,349,369,0,0,0,4
37.80167,0,0,0,4,332,357,0,0,0,5
37.83667,0,0,0,1,250,272,0,0,0,3
37.87000,0,0,0,0,169,171,0,0,0,4
37.90333,0,0,0,0,44,35,0,0,0,4
37.93667,0,0,0,0,0,0,0,0,0,3
37.97000,0,0,0,0,0,0,0,0,0,3
38.00333,1,0,0,0,0,0,0,0,0,5
38.03667,0,0,0,0,0,0,142,146,0,6
38.07000,0,0,0,0,0,0,208,246,1,8
38.10333,1,0,0,0,0,0,278,325,1,9
38.13667,0,0,0,0,0,0,344,368,1,11
38.17000,0,0,0,0,0,0,358,391,0,14
38.20333,0,0,0,0,0,0,353,382,0,15
38.23667,0,0,0,0,0,0,363,392,0,16
38.27000,0,0,0,0,0,0,300,337,0,20
38.30333,0,0,0,0,0,0,243,280,0,20
38.33667,0,0,0,0,0,0,165,196,1,20
38.37000,0,0,0,0,0,0,94,107,1,19
38.40333,0,0,0,0,0,0,0,0,1,18
38.43667,0,0,0,0,0,0,0,0,1,18
38.47000,0,0,0,0,0,0,0,0,2,18
38.50333,0,0,0,0,0,0,0,0,2,17
38.53667,0,0,0,0,124,140,0,0,1,16
38.57000,0,0,0,0,224,235,0,0,2,16
38.60333,0,0,0,0,298,317,0,0,1,16
38.63667,0,0,0,0,329,355,0,0,0,16
38.67000,0,0,0,0,326,354,0,0,1,16
38.70333,0,0,0,0,296,310,0,0,1,16
38.73667,0,0,0,0,221,237,0,0,1,16
38.77000,0,0,0,0,131,142,0,0,1,15
38.80333,0,0,0,0,34,25,0,0,1,15
38.83667,0,0,0,0,2,0,55,49,1,15
38.87000,0,0,0,0,0,0,161,169,0,16
38.90333,0,0,0,0,0,0,248,277,0,16
38.93667,0,0,0,0,0,0,315,338,0,16
38.97000,0,0,0,0,0,0,343,362,0,16
39.00333,0,0,0,0,0,0,344,362,1,16
39.03667,0,0,0,0,0,0,342,363,1,16
39.07000,0,0,0,0,0,0,285,318,1,16
39.10333,0,0,0,0,0,0,186,221,0,16
39.13667,0,0,0,0,0,0,80,85,1,16
39.17000,0,0,0,0,0,0,0,0,1,15
39.20333,0,0,0,0,116,127,0,0,1,15
39.23667,0,0,0,0,225,250,0,0,1,14
39.27000,0,0,0,5,322,346,0,0,1,13
39.30333,0,0,0,3,331,356,0,0,0,12
39.33667,0,0,0,3,338,357,0,0,0,12
39.37000,0,0,0,0,284,299,0,0,0,13
39.40333,0,0,0,0,189,190,0,0,0,15
39.43667,0,0,0,0,50,43,0,0,0,14
39.47000,0,0,0,0,0,0,0,0,0,14
39.50333,0,0,0,0,0,0,0,0,0,14
39.53667,0,0,0,0,0,0,0,0,0,14
39.57000,0,0,0,0,94,106,101,104,1,14
39.60333,0,0,0,0,183,196,225,253,1,14
39.63667,1,0,0,0,181,197,327,341,1,14
39.67000,0,0,0,0,184,196,389,403,2,14
39.70333,0,0,0,0,185,197,403,417,2,14
39.73667,0,0,0,0,184,200,408,411,3,14
39.77000,0,0,0,0,185,201,405,413,2,14
39.80333,0,0,0,0,185,198,352,361,2,14
39.83667,0,0,0,0,182,195,266,302,2,14
39.87000,0,0,0,0,121,123,196,228,2,12
39.90500,0,0,0,0,0,0,117,135,2,12
39.93833,0,0,0,0,0,0,0,0,1,12
39.97167,0,0,0,0,0,0,0,0,1,12
40.00500,0,0,0,0,0,0,0,0,1,12
40.03833,0,0,0,0,0,0,0,0,1,12
40.07167,0,0,0,0,0,0,0,0,133,123
40.10500,0,0,0,0,0,0,0,0,260,226
40.13833,0,0,0,0,0,0,0,0,387,326
40.17167,0,0,0,0,0,0,0,0,451,370
40.20500,0,0,0,0,0,0,0,0,453,375
40.23833,0,0,0,0,0,0,0,0,453,378
40.27167,0,0,0,0,0,0,0,0,460,380
40.30500,0,0,0,0,0,0,0,1,445,368
40.33833,0,0,0,0,0,0,0,0,367,302
40.37167,0,0,0,0,0,0,0,0,264,237
40.40500,0,0,0,0,0,0,0,0,147,155
40.43833,0,0,0,0,0,0,0,0,1,12
40.47167,0,0,0,0,0,0,0,0,1,12
40.50500,0,0,0,0,0,0,0,0,1,11
40.53833,0,0,0,0,0,0,0,0,0,12
40.57167,108,110,0,0,0,0,0,0,0,13
40.60500,266,232,0,0,0,0,0,0,1,14
40.63833,346,296,0,0,0,0,0,0,1,15
40.67167,355,312,0,0,0,0,0,0,1,15
40.70500,310,267,0,0,0,0,0,0,1,15
40.73833,221,186,0,0,0,0,0,0,2,14
40.77167,43,50,0,0,0,0,0,0,2,14
40.80500,0,0,0,0,0,0,0,0,2,14
40.83833,0,0,0,0,0,0,0,0,2,13
40.87167,0,0,0,0,0,0,0,0,1,13
40.90500,0,0,0,0,0,0,0,0,79,67
40.93833,0,0,0,0,0,0,0,0,205,199
40.97167,0,0,0,0,0,0,0,0,340,280
41.00500,0,0,0,0,0,0,0,0,405,337
41.03833,0,0,0,0,0,0,0,0,438,361
41.07167,0,0,0,0,0,0,0,0,443,371
41.10500,0,0,0,0,0,0,0,0,383,337
41.13833,0,0,0,0,0,0,0,0,331,283
41.17167,0,0,0,0,0,0,0,0,217,223
41.20500,0,0,0,0,0,0,0,0,94,107
41.23833,0,0,0,0,0,0,0,0,1,13
41.27167,52,57,0,0,0,0,0,0,2,13
41.30500,192,165,0,0,0,0,0,0,1,13
41.33833,276,240,0,0,0,0,0,0,1,15
41.37167,343,294,0,0,0,0,0,0,1,15
41.40500,387,343,0,0,0,0,0,0,1,16
41.43833,396,344,0,0,0,0,0,0,1,16
41.47167,393,339,0,0,0,0,0,0,1,17
41.50500,396,336,0,0,0,0,0,0,1,16
41.53833,354,304,0,0,0,0,0,0,1,16
41.57167,294,249,0,0,0,0,0,0,1,16
41.60500,233,196,0,0,0,0,0,0,1,16
41.63833,127,121,0,0,0,0,0,0,1,14
41.67167,23,24,0,0,0,0,0,0,1,14
41.70500,0,0,0,0,0,0,0,0,1,14
41.73833,0,0,0,0,0,0,0,0,1,14
41.77167,0,0,0,0,0,0,0,0,1,13
41.80500,0,0,0,0,0,0,0,0,222,207
41.83833,0,0,0,0,0,0,0,0,411,333
41.87167,0,0,0,0,0,0,0,0,449,374
41.90500,0,0,0,0,0,0,0,0,446,373
41.94000,0,0,0,0,0,0,0,0,451,376
41.97333,0,0,0,0,0,0,0,0,426,360
42.00667,0,0,0,0,0,0,0,0,328,274
42.04000,0,0,0,0,0,0,0,0,155,157
42.07333,0,0,0,0,0,0,0,0,1,11
42.10667,0,0,0,0,0,0,0,0,1,11
42.14000,81,84,0,0,0,0,0,0,1,11
42.17333,235,201,0,0,0,0,0,0,1,12
42.20667,322,285,0,0,0,0,0,0,1,13
42.24000,376,321,0,0,0,0,0,0,1,14
42.27333,369,316,0,0,0,0,0,0,1,14
42.30667,365,313,0,0,0,0,0,0,1,14
42.34000,371,318,0,0,0,0,0,0,1,14
42.37333,292,256,0,0,0,0,0,0,1,14
42.40667,162,146,0,0,0,0,0,0,1,12
42.44000,0,0,0,0,0,0,0,0,1,12
42.47333,0,0,19,38,0,0,0,0,1,12
42.50667,0,0,126,139,0,0,0,0,1,12
42.54000,0,0,205,215,0,0,0,0,1,12
42.57333,0,0,260,267,0,0,0,0,1,12
42.60667,0,0,279,284,0,0,0,0,1,12
42.64000,0,0,279,284,0,0,0,0,1,12
42.67333,0,0,281,282,0,0,0,0,1,12
42.70667,0,0,253,256,0,0,0,0,1,12
42.74000,0,0,208,207,0,0,0,0,1,12
42.77333,0,0,155,162,0,0,0,0,1,14
42.80667,0,0,72,68,0,0,0,0,1,13
42.84000,0,0,0,0,0,0,0,0,1,13
42.87333,0,0,0,0,97,114,49,34,1,13
42.90667,0,0,0,0,215,236,145,154,1,14
42.94000,0,0,0,0,307,341,148,152,1,14
42.97333,0,0,0,1,361,394,145,153,1,14
43.00667,0,0,0,1,359,391,144,153,1,14
43.04000,0,0,0,1,303,322,144,153,1,14
43.07333,0,0,0,0,232,244,130,140,1,14
43.10667,0,0,0,0,142,147,0,0,1,14
43.14000,0,0,0,0,33,25,0,0,1,14
43.17333,0,0,0,0,0,0,0,0,1,14
43.20667,0,0,0,0,0,0,0,0,1,14
43.24000,0,0,0,0,0,0,124,128,1,13
43.27333,0,0,0,0,0,0,204,239,1,14
43.30667,0,0,0,0,0,0,287,311,1,13
43.34000,0,0,0,0,0,0,320,345,1,12
43.37333,0,0,0,0,0,0,315,346,1,12
43.40667,0,0,0,0,0,0,303,343,1,12
43.44000,0,0,0,0,0,0,249,286,1,12
43.47333,0,0,0,0,0,0,182,224,1,12
43.50667,0,0,0,0,0,0,116,127,1,12
43.54000,0,0,0,0,0,0,0,0,1,12
43.57333,0,0,0,0,0,0,0,0,1,12
43.60667,0,0,0,0,0,0,0,0,65,61
43.64000,0,0,0,0,0,0,0,0,200,178
43.67333,0,0,0,0,0,0,0,0,350,297
43.70667,0,0,0,0,0,0,0,0,442,366
43.74000,0,0,0,0,0,0,0,0,463,385
43.77333,0,0,0,0,0,0,0,0,465,385
43.80667,0,0,0,0,0,0,0,0,444,369
43.84000,0,0,0,0,0,0,0,0,386,319
43.87333,0,0,0,0,0,0,0,0,279,252
43.90667,0,0,0,0,0,0,0,0,160,163
43.94000,0,0,0,0,0,0,0,0,33,54
43.97333,0,0,0,0,0,0,0,0,0,14
44.00833,0,0,0,0,0,0,0,0,0,12
44.04167,0,0,0,0,0,0,100,104,1,12
44.07500,0,0,0,0,0,0,195,228,1,14
44.10833,0,0,0,0,0,0,269,308,1,14
44.14167,0,0,0,0,0,0,336,363,1,14
44.17500,0,0,0,0,0,0,379,396,1,14
44.20833,0,0,0,0,0,0,373,395,1,14
44.24167,0,0,0,0,0,0,316,338,1,14
44.27500,0,0,0,0,0,0,236,278,1,14
44.30833,0,0,0,0,0,0,166,188,1,14
44.34167,0,0,0,0,0,0,59,67,1,14
44.37500,0,0,0,0,0,0,0,1,1,14
44.40833,0,0,0,0,0,0,0,0,1,13
44.44167,0,0,0,0,0,0,0,0,1,13
44.47500,0,0,0,0,88,97,0,0,2,13
44.50833,0,0,0,0,193,208,0,0,1,13
44.54167,0,0,0,0,252,275,0,0,1,13
44.57500,0,0,0,0,312,330,0,0,1,13
44.60833,0,0,0,0,337,364,0,0,1,13
44.64167,0,0,0,0,332,359,0,0,1,13
44.67500,0,0,0,0,318,340,0,0,1,13
44.70833,0,0,0,1,285,297,0,0,1,13
44.74167,0,0,0,0,230,241,0,0,1,14
44.77500,0,0,0,0,164,179,0,0,1,14
44.80833,0,0,0,0,66,62,0,0,1,14
44.84167,0,0,0,0,0,0,0,0,1,13
44.87500,0,0,0,0,0,0,0,0,1,13
44.90833,0,0,0,0,0,0,0,0,1,14
44.94167,0,0,0,0,0,0,106,105,1,14
44.97500,0,0,0,0,0,0,195,226,1,13
45.00833,0,0,0,0,0,0,287,308,1,12
45.04167,0,0,0,0,0,0,319,352,1,12
45.07500,0,0,0,0,0,0,323,349,1,12
45.10833,0,0,0,0,0,0,323,346,1,12
45.14167,0,0,0,0,0,0,309,343,1,12
45.17500,0,0,0,0,0,0,250,286,1,12
45.20833,0,0,0,0,0,0,178,222,1,12
45.24167,0,0,0,0,0,0,127,148,1,12
45.27500,0,0,0,0,0,0,49,50,1,12
45.30833,0,0,0,0,0,0,0,0,1,12
45.34167,0,0,0,0,0,0,0,0,1,12
45.37500,0,0,0,0,0,0,0,0,1,12
45.40833,0,0,0,0,133,147,0,0,1,12
45.44167,0,0,0,0,246,264,0,0,1,12
45.47500,0,0,0,4,336,360,0,0,1,13
45.50833,0,0,0,5,365,396,0,0,1,12
45.54167,0,0,0,6,361,389,0,0,0,12
45.57500,0,0,0,10,363,388,0,0,0,13
45.60833,0,0,2,8,298,319,0,0,0,13
45.64167,0,0,0,0,217,233,0,0,0,14
45.67500,0,0,0,0,102,103,0,0,0,14
45.70833,0,0,0,0,0,0,0,0,0,14
45.74167,0,0,0,0,0,0,0,0,0,14
45.77500,0,0,0,0,0,0,0,0,0,14
45.80833,0,0,0,0,133,145,137,144,0,14
45.84167,0,0,0,0,195,209,244,289,1,14
45.87500,0,0,0,0,191,209,327,353,1,14
45.90833,0,0,0,0,193,209,329,356,1,14
45.94167,0,0,1,0,197,209,262,300,1,14
45.97500,0,0,0,0,135,144,157,177,1,14
46.00833,0,0,0,0,0,0,45,46,1,13
46.04167,0,0,0,0,0,0,0,0,1,13
46.07667,0,0,0,0,131,145,0,0,1,13
46.11000,0,0,0,0,264,281,0,0,1,13
46.14333,0,0,0,0,307,338,0,0,1,14
46.17667,0,0,0,0,304,335,0,0,1,14
46.21000,0,0,0,0,237,257,0,0,1,14
46.24333,0,0,0,0,146,154,0,0,1,14
46.27667,0,0,0,0,45,45,0,0,1,14
46.31000,0,0,0,0,0,0,0,0,1,14
46.34333,0,0,0,0,0,0,0,0,1,14
46.37667,0,0,65,74,45,62,0,0,1,14
46.41000,0,0,179,188,214,223,0,0,1,14
46.44333,0,0,263,267,214,226,0,0,1,14
46.47667,0,0,303,304,213,232,0,0,1,14
46.51000,0,0,290,291,217,233,0,0,1,14
46.54333,0,0,247,251,216,236,0,0,1,14
46.57667,0,0,201,196,199,212,0,0,1,14
46.61000,0,0,128,131,0,0,0,0,1,14
46.64333,0,0,31,28,0,0,0,0,1,14
46.67667,0,0,0,0,0,0,0,0,1,14
46.71000,131,129,0,0,0,0,0,0,1,14
46.74333,238,202,0,0,0,0,0,0,1,15
46.77667,324,273,0,0,0,0,0,0,1,15
46.81000,371,323,0,0,0,0,0,0,1,15
46.84333,386,333,0,0,0,0,0,0,1,16
46.87667,369,325,0,0,0,0,0,0,1,16
46.91000,354,304,0,0,0,0,0,0,2,16
46.94333,303,261,0,0,0,0,0,0,1,16
46.97667,260,209,0,0,0,0,0,0,1,15
47.01000,181,153,0,0,0,0,0,0,1,15
47.04333,47,60,0,0,0,0,0,0,1,14
47.07667,0,0,0,0,0,0,0,0,1,15
47.11000,0,0,0,0,0,0,0,0,1,15
47.14333,0,0,0,0,0,0,0,0,1,15
47.17667,0,0,0,0,0,0,0,0,107,97
47.21000,0,0,0,0,0,0,0,0,288,249
47.24333,0,0,0,0,0,0,0,0,396,340
47.27667,0,0,0,0,0,0,0,0,450,369
47.31000,0,0,0,0,0,0,0,0,454,375
47.34333,0,0,0,0,0,0,0,0,390,338
47.37667,0,0,0,0,0,0,0,0,285,262
47.41000,0,0,0,0,0,0,0,0,150,151
47.44333,0,0,0,0,0,0,0,0,0,32
47.47667,0,0,0,0,0,0,0,0,0,16
47.51000,0,0,0,0,0,0,0,0,0,14
47.54333,0,0,0,0,0,0,98,101,38,29
47.57667,0,0,0,0,0,0,192,229,150,144
47.61000,0,0,0,0,0,0,316,326,151,146
47.64333,0,0,0,0,0,0,369,388,150,143
47.67667,0,0,0,0,0,0,379,395,150,144
47.71000,0,0,0,0,0,0,360,372,150,145
47.74333,0,0,0,0,0,0,273,297,146,144
47.77667,0,0,0,0,0,0,188,228,119,126
47.81000,0,0,0,0,0,0,117,135,1,13
47.84333,0,0,0,0,0,0,0,0,2,13
47.87667,0,0,0,0,0,0,0,0,1,13
47.91000,0,0,0,0,0,0,0,0,62,60
47.94333,0,0,0,0,0,0,0,0,221,207
47.97667,0,0,0,0,0,0,0,0,360,298
48.01000,0,0,0,0,0,0,1,0,475,382
48.04333,0,0,0,0,0,0,4,0,504,418
48.07667,0,0,0,0,0,0,3,0,499,416
48.11000,0,0,0,0,0,0,6,0,497,413
48.14500,0,0,0,0,0,0,6,0,479,402
48.17833,0,0,0,0,0,0,0,0,414,348
48.21167,0,0,0,0,0,0,0,0,309,280
48.24500,0,0,0,0,0,0,0,0,145,156
48.27833,0,0,0,0,0,0,0,0,0,15
48.31167,0,0,0,0,0,0,0,0,0,14
48.34500,0,0,0,0,0,0,0,0,0,15
48.37833,0,0,0,0,0,0,0,0,0,15
48.41167,18,22,0,0,0,0,0,0,0,14
48.44500,192,168,0,0,0,0,0,0,0,14
48.47833,294,263,0,0,0,0,0,0,0,15
48.51167,368,326,0,0,0,0,0,0,1,17
48.54500,375,335,0,0,0,0,0,0,0,17
48.57833,371,318,0,0,0,0,0,0,0,17
48.61167,367,320,0,0,0,0,0,0,0,17
48.64500,315,270,0,0,0,0,0,0,0,16
48.67833,235,206,0,0,0,0,0,0,1,15
48.71167,95,99,0,0,0,0,0,0,1,14
48.74500,0,0,0,0,0,0,0,0,2,14
48.77833,0,0,0,0,0,0,0,0,1,14
48.81167,1,0,0,0,0,0,0,0,2,14
48.84500,0,0,35,44,0,0,0,0,2,14
48.87833,0,0,144,156,0,0,0,0,2,14
48.91167,0,0,214,221,0,0,0,0,0,14
48.94500,0,0,272,276,0,0,0,0,0,14
48.97833,0,0,312,314,0,0,0,0,0,14
49.01167,0,0,313,308,0,0,0,0,0,14
49.04500,0,0,313,315,0,0,0,0,0,14
49.07833,0,0,286,275,0,0,0,0,0,14
49.11167,0,0,250,246,0,0,0,0,1,14
49.14500,0,0,208,211,0,0,0,0,1,14
49.17833,0,0,147,142,0,0,0,0,1,14
49.21167,0,0,71,67,0,0,0,0,1,14
49.24500,0,0,0,0,0,0,0,0,1,14
49.27833,0,0,0,0,0,30,0,0,1,14
49.31167,0,0,0,0,161,173,0,0,1,15
49.34500,0,0,0,0,262,276,0,0,2,16
49.37833,0,0,0,0,341,356,0,0,2,15
49.41167,0,0,0,0,346,365,0,0,2,15
49.44500,0,0,0,0,340,362,0,0,2,16
49.47833,0,0,0,1,344,371,0,0,2,16
49.51167,0,0,0,1,284,297,0,0,2,16
49.54500,0,0,0,0,212,222,0,0,2,16
49.57833,0,0,0,0,105,109,0,0,2,16
49.61167,0,0,0,0,0,0,0,0,2,16
49.64500,0,0,0,0,0,0,0,0,2,16
49.67833,0,0,0,0,0,0,0,0,2,16
49.71167,0,0,0,34,0,0,0,0,2,16
49.74500,0,0,138,158,0,0,0,0,2,16
49.77833,0,0,244,237,0,0,0,0,2,16
49.81167,0,0,286,280,0,0,0,0,2,16
49.84500,0,0,280,272,0,0,0,0,2,16
49.87833,0,0,200,188,0,0,0,0,2,16
49.91167,0,0,96,95,0,0,0,0,2,14
49.94500,0,0,0,0,0,0,0,0,2,14
49.97833,50,58,0,0,0,0,0,0,2,15
50.01167,207,179,0,0,0,0,0,0,2,14
50.04500,298,256,0,0,0,0,0,0,2,15
50.07833,365,316,0,0,0,0,0,0,2,15
50.11167,418,351,0,0,0,0,0,0,2,16
50.14500,419,354,0,0,0,0,0,0,2,16
50.17833,415,349,0,0,0,0,0,0,2,16
50.21333,415,348,0,0,0,0,0,0,2,17
50.24667,379,320,0,0,0,0,0,0,2,16
50.28000,324,272,0,0,0,0,0,0,2,16
50.31333,268,225,0,0,0,0,0,0,2,16
50.34667,185,160,0,0,0,0,0,0,2,14
50.38000,36,41,0,0,0,0,0,0,2,14
50.41333,0,0,0,0,0,0,0,0,2,14
50.44667,0,0,0,0,0,0,0,0,1,14
50.48000,0,0,0,0,0,0,0,0,0,14
50.51333,0,0,141,148,0,0,0,0,1,14
50.54667,0,0,222,228,0,0,0,0,2,12
50.58000,0,1,292,292,0,0,0,0,2,13
50.61333,0,1,314,310,0,0,0,0,2,13
50.64667,0,1,308,305,0,0,0,0,2,13
50.68000,0,0,304,293,0,0,0,0,2,13
50.71333,0,0,255,254,0,0,0,0,2,12
50.74667,0,0,214,216,0,0,0,0,2,13
50.78000,0,0,149,154,0,0,0,0,2,13
50.81333,0,0,79,73,0,0,0,0,2,12
50.84667,0,0,0,0,0,0,0,0,2,10
50.88000,0,0,0,0,0,0,0,0,2,12
50.91333,0,0,0,0,0,0,0,0,2,11
50.94667,7,12,0,0,0,0,0,0,2,13
50.98000,177,159,0,0,0,0,0,0,1,12
51.01333,284,243,0,0,0,0,0,1,2,13
51.04667,345,298,0,0,0,0,0,0,2,14
51.08000,415,345,0,0,0,0,0,0,2,14
51.11333,404,346,0,0,0,0,0,0,2,16
51.14667,405,347,0,0,0,0,0,0,2,16
51.18000,386,327,0,0,0,0,0,0,2,18
51.21333,330,282,0,0,0,0,0,0,1,16
51.24667,271,234,0,0,0,0,0,0,2,16
51.28000,195,173,0,0,0,0,0,0,2,14
51.31333,77,84,0,0,0,0,0,0,2,14
51.34667,0,0,0,0,0,0,0,0,2,14
51.38000,0,0,0,0,0,0,0,0,2,14
51.41333,0,0,0,0,0,0,146,153,144,131
51.44667,0,0,0,0,0,0,166,180,277,250
51.48000,0,0,0,0,0,0,166,185,391,321
51.51333,0,0,0,0,0,0,169,180,436,358
51.54667,0,0,0,0,0,0,168,183,437,358
51.58000,0,0,0,0,0,0,173,181,437,358
51.61333,0,0,0,0,0,0,168,176,384,316
51.64667,0,0,0,0,0,0,150,159,280,267
51.68000,0,0,0,0,0,0,0,0,168,174
51.71333,0,0,0,0,0,0,0,0,64,72
51.74667,0,0,0,0,0,0,0,0,0,16
51.78000,0,0,0,0,0,0,0,0,1,14
51.81333,0,0,0,0,0,0,139,143,1,13
51.84667,0,0,0,0,0,0,233,266,1,14
51.88000,0,0,0,0,0,0,308,331,1,14
51.91333,0,0,0,0,0,0,362,378,1,14
51.94667,0,0,0,0,0,0,356,386,1,14
51.98000,0,0,0,0,0,0,361,384,1,14
52.01333,0,0,0,0,0,0,342,371,1,14
52.04667,0,0,0,0,0,0,293,317,1,13
52.08000,0,0,0,0,0,0,202,250,2,14
52.11333,0,0,0,0,0,0,116,128,2,14
52.14667,0,0,0,0,0,0,0,0,1,14
52.18000,0,0,0,0,0,0,0,0,1,14
52.21333,0,0,0,0,0,0,0,0,1,14
52.24667,0,0,0,0,0,0,0,0,58,61
52.28167,0,0,0,0,0,0,0,0,187,178
52.31500,0,0,0,0,0,0,0,0,336,284
52.34833,0,0,0,0,0,0,0,0,406,340
52.38167,0,0,0,0,0,0,0,0,453,380
52.41500,0,0,0,0,0,0,0,0,465,392
52.44833,0,0,0,0,0,0,0,0,463,392
52.48167,0,0,0,0,0,0,0,0,459,388
52.51500,0,0,0,0,0,0,0,0,414,353
52.54833,0,0,0,0,0,0,0,0,359,304
52.58167,0,0,0,0,0,0,0,0,258,247
52.61500,0,0,0,0,0,0,0,0,126,138
52.64833,0,0,0,0,0,0,0,0,23,33
52.68167,0,0,0,0,0,0,0,0,2,13
52.71500,0,0,0,0,0,0,45,38,2,10
52.74833,0,0,0,0,0,0,156,160,2,11
52.78167,0,0,0,0,0,0,242,269,2,10
52.81500,0,0,0,0,0,0,321,340,2,10
52.84833,0,0,0,0,0,0,356,381,2,10
52.88167,0,0,0,0,0,0,364,382,2,10
52.91500,0,0,0,0,0,0,360,383,2,10
52.94833,0,0,0,0,0,0,304,337,2,10
52.98167,0,0,0,0,0,0,233,268,2,10
53.01500,0,0,0,0,0,0,156,166,2,10
53.04833,0,0,0,0,0,0,57,58,2,11
53.08167,0,0,0,0,0,0,0,0,2,11
53.11500,0,0,0,0,0,0,0,0,2,10
53.14833,0,0,0,0,0,0,0,0,2,11
53.18167,0,0,0,0,0,0,110,108,112,110
53.21500,0,0,0,0,0,0,179,201,302,260
53.24833,0,0,0,0,0,0,185,204,429,350
53.28167,0,0,0,0,0,0,183,205,444,375
53.31500,0,0,0,0,0,1,184,207,449,369
53.34833,0,0,0,0,0,2,186,207,443,367
53.38167,0,0,0,0,0,2,182,207,359,304
53.41500,0,0,0,0,0,0,36,50,192,195
53.44833,0,0,0,0,0,0,0,0,59,69
53.48167,0,0,0,0,0,0,0,0,1,10
53.51500,0,0,0,0,0,0,0,0,0,10
53.54833,161,143,0,0,0,0,0,0,107,105
53.58167,285,245,0,0,0,0,0,0,150,145
53.61500,360,315,0,0,0,0,0,0,151,145
53.64833,381,330,0,0,0,0,0,0,149,145
53.68167,385,333,0,0,0,0,0,0,147,148
53.71500,351,303,0,0,0,0,0,0,149,150
53.74833,268,236,0,0,0,0,0,0,106,117
53.78167,170,155,0,0,0,0,0,0,0,11
53.81500,0,0,0,0,0,0,0,0,0,11
53.84833,0,0,0,0,0,0,0,0,0,12
53.88167,0,0,0,0,0,0,0,0,0,12
53.91500,0,0,89,103,0,0,0,0,0,12
53.94833,0,0,185,189,0,0,0,0,0,12
53.98167,0,0,257,263,0,0,0,0,0,12
54.01500,0,1,296,299,0,0,0,0,0,12
54.04833,0,1,288,291,0,0,0,0,0,12
54.08167,0,1,287,293,0,0,0,0,0,12
54.11500,0,1,275,283,0,0,0,0,0,12
54.14833,0,1,236,236,0,0,0,0,0,12
54.18167,0,0,189,192,0,0,0,0,0,12
54.21500,0,0,120,122,0,0,0,0,0,13
54.24833,0,0,0,0,0,0,0,0,0,13
54.28167,0,0,0,0,0,0,0,0,0,13
54.31500,0,0,0,0,111,122,0,0,0,14
54.35000,0,0,0,0,199,223,0,0,0,16
54.38333,0,0,0,0,269,296,0,0,0,15
54.41667,0,0,0,0,312,343,0,0,0,15
54.45000,0,0,0,0,314,338,0,0,0,14
54.48333,0,0,0,0,320,338,0,0,0,14
54.51667,0,0,0,0,282,291,0,0,0,14
54.55000,0,0,0,0,228,238,0,0,0,14
54.58333,0,0,0,0,175,182,0,0,0,15
54.61667,0,0,0,0,97,102,0,0,1,15
54.65000,0,0,0,0,0,0,0,0,1,15
54.68333,0,0,0,0,0,0,0,0,1,15
54.71667,0,0,0,0,0,0,0,0,1,15
54.75000,0,0,60,65,0,0,0,0,2,15
54.78333,0,0,156,166,0,0,0,0,0,16
54.81667,0,0,247,246,0,0,0,0,1,15
54.85000,0,0,276,282,0,0,0,0,1,15
54.88333,0,0,272,277,0,0,0,0,1,15
54.91667,0,0,273,279,0,0,0,0,1,15
54.95000,0,0,282,282,0,0,0,0,1,15
54.98333,0,0,234,232,0,0,0,0,0,15
55.01667,0,0,161,163,0,0,0,0,0,14
55.05000,0,0,85,80,0,0,0,0,0,13
55.08333,0,0,0,0,0,0,0,0,0,13
55.11667,0,0,0,0,68,75,0,0,0,13
55.15000,0,0,0,0,174,189,0,0,0,13
55.18333,0,0,0,0,234,256,0,0,2,12
55.21667,0,0,0,0,302,325,0,0,2,14
55.25000,0,0,0,0,342,372,0,0,2,14
55.28333,0,0,0,0,343,372,0,0,2,14
55.31667,0,0,0,0,351,373,0,0,2,14
55.35000,0,0,0,0,311,319,0,0,2,13
55.38333,0,0,0,0,261,269,0,0,2,13
55.41667,0,0,0,0,206,215,0,0,2,14
55.45000,0,0,0,0,150,156,0,0,2,14
55.48333,0,0,0,0,65,56,0,0,2,14
55.51667,0,0,0,0,0,0,0,0,1,14
55.55000,0,0,0,0,0,0,0,0,0,13
55.58333,0,0,0,0,0,0,0,0,0,13
55.61667,0,0,0,30,0,0,0,0,0,13
55.65000,0,0,122,135,0,0,0,0,0,13
55.68333,0,0,200,204,0,0,0,0,0,13
55.71667,0,0,261,264,0,0,0,0,0,14
55.75000,0,0,295,293,0,0,0,0,0,14
55.78333,0,0,296,286,0,0,0,0,0,14
55.81667,0,0,268,268,0,0,0,0,0,14
55.85000,0,0,227,219,0,0,0,0,0,14
55.88333,0,0,177,172,0,0,0,0,0,14
55.91667,0,0,114,119,0,0,0,0,0,14
55.95000,0,0,27,22,0,0,0,0,0,14
55.98333,0,0,0,0,0,0,0,0,0,14
56.01667,0,0,0,0,134,142,125,127,0,14
56.05000,0,0,0,0,237,256,179,207,0,14
56.08333,0,0,0,2,312,333,179,207,1,14
56.11667,0,0,0,4,356,388,178,201,1,14
56.15000,0,0,0,7,354,385,177,206,1,14
56.18333,0,0,1,15,351,379,176,203,1,13
56.21667,0,0,1,18,355,384,176,202,1,13
56.25000,0,0,3,16,318,340,175,203,1,13
56.28333,0,0,3,7,258,274,175,197,1,13
56.31667,0,0,0,0,193,201,115,126,2,13
56.35000,0,0,0,0,82,82,0,0,2,13
56.38500,0,0,0,0,0,0,0,0,2,14
56.41833,0,0,0,0,0,0,0,0,2,14
56.45167,0,0,0,0,0,0,0,0,2,14
56.48500,0,0,114,122,0,0,0,0,2,14
56.51833,0,0,189,202,0,0,0,0,2,14
56.55167,0,0,248,252,0,0,0,0,2,14
56.58500,0,0,292,288,0,0,0,0,2,14
56.61833,0,0,295,296,0,0,0,0,2,14
56.65167,0,0,290,297,0,0,0,0,2,14
56.68500,0,0,269,273,0,0,0,0,2,14
56.71833,0,0,228,226,0,0,0,0,2,14
56.75167,0,0,195,189,0,0,0,0,1,14
56.78500,0,0,142,143,0,0,0,0,1,14
56.81833,0,0,73,66,0,0,0,0,1,14
56.85167,0,0,0,0,0,0,0,0,1,14
56.88500,0,0,0,0,0,0,0,0,1,14
56.91833,0,0,69,84,111,119,0,0,1,15
56.95167,0,0,160,165,220,243,0,0,0,14
56.98500,0,0,163,167,309,336,0,0,2,14
57.01833,0,0,162,166,327,356,0,0,2,14
57.05167,0,0,163,169,330,354,0,0,2,14
57.08500,0,0,163,165,292,317,0,0,2,14
57.11833,0,0,149,157,213,232,0,0,2,14
57.15167,0,0,0,0,107,105,0,0,2,14
57.18500,0,0,0,0,0,0,0,0,2,14
57.21833,0,0,0,0,0,0,0,0,2,14
57.25167,0,0,0,0,0,0,0,0,2,14
57.28500,0,0,0,0,0,0,149,157,2,14
57.31833,0,0,0,0,0,0,266,289,2,14
57.35167,0,0,0,0,0,0,332,353,2,13
57.38500,0,0,0,0,0,0,329,351,2,13
57.41833,0,0,0,0,0,0,323,348,2,13
57.45167,0,0,0,0,0,0,333,353,2,13
57.48500,0,0,0,0,0,0,255,291,2,13
57.51833,0,0,0,0,0,0,158,180,2,14
57.55167,0,0,0,0,0,0,55,54,2,14
57.58500,0,0,0,0,0,0,0,0,2,14
57.61833,0,0,0,0,69,77,0,0,2,14
57.65167,0,0,0,0,207,229,0,0,2,14
57.68500,0,0,0,0,294,323,0,0,2,14
57.71833,0,0,0,0,301,327,0,0,2,14
57.75167,0,0,0,0,297,324,0,0,2,14
57.78500,0,0,0,0,300,332,0,0,2,14
57.81833,0,0,0,0,285,302,0,0,2,14
57.85167,0,0,0,0,220,231,0,0,2,14
57.88500,0,0,0,0,103,103,0,0,2,14
57.91833,0,0,0,0,0,0,0,0,2,14
57.95167,0,0,0,0,0,0,0,0,1,14
57.98500,0,0,0,0,0,0,0,0,1,14
58.01833,0,0,0,0,0,0,76,71,1,14
58.05167,0,0,0,0,0,0,173,193,1,13
58.08500,0,0,0,0,0,0,261,280,1,13
58.11833,0,0,0,0,0,0,317,337,1,13
58.15167,0,0,0,0,0,0,318,341,1,13
58.18500,0,0,0,0,0,0,317,343,1,13
58.21833,0,0,0,0,0,0,312,337,1,13
58.25167,0,0,0,0,0,0,239,276,1,13
58.28500,0,0,0,0,0,0,165,188,1,13
58.31833,0,0,0,0,0,0,55,60,1,13
58.35167,0,0,0,0,0,0,0,0,1,13
58.38500,0,0,0,0,0,0,0,0,25,13
58.41833,0,0,0,0,0,0,0,0,185,178
58.45333,0,0,0,0,0,0,0,0,374,309
58.48667,0,0,0,0,0,0,0,0,461,380
58.52000,0,0,0,0,0,0,0,0,458,381
58.55333,0,0,0,0,0,0,0,0,452,369
58.58667,0,0,0,0,0,0,0,0,366,317
58.62000,0,0,0,0,0,0,0,0,222,231
58.65333,0,0,0,0,0,0,0,0,64,72
58.68667,0,0,0,0,0,0,0,0,1,12
58.72000,0,0,0,0,0,0,0,0,1,12
58.75333,0,0,0,0,0,0,0,0,1,12
58.78667,0,0,0,0,0,0,149,158,1,12
58.82000,0,0,0,0,0,0,271,292,1,12
58.85333,0,0,0,0,0,0,350,376,1,13
58.88667,0,0,0,0,0,0,354,377,1,13
58.92000,0,0,0,0,0,0,347,365,2,12
58.95333,0,0,0,0,0,0,283,310,2,12
58.98667,0,0,0,0,0,0,183,212,0,11
59.02000,0,0,0,0,0,0,77,82,1,12
59.05333,0,0,0,0,0,0,0,0,1,12
59.08667,0,0,0,0,0,0,0,0,1,12
59.12000,0,0,0,0,0,0,0,0,1,12
59.15333,0,0,0,0,0,0,0,0,84,74
59.18667,0,0,0,0,0,0,0,0,191,178
59.22000,0,0,0,0,0,0,0,0,327,276
59.25333,0,0,0,0,0,0,0,0,417,345
59.28667,0,0,0,0,0,0,0,0,424,359
59.32000,0,0,0,0,0,0,0,0,426,362
59.35333,0,0,0,0,0,0,0,0,397,335
59.38667,0,0,0,0,0,0,0,0,340,287
59.42000,0,0,0,0,0,0,0,0,228,235
59.45333,0,0,0,0,0,0,0,0,86,96
59.48667,0,0,0,0,0,0,0,0,0,13
59.52000,0,0,0,0,0,0,0,0,0,13
59.55333,122,126,0,0,0,0,0,0,0,13
59.58667,255,219,0,0,0,0,0,0,0,13
59.62000,333,290,0,0,0,0,0,0,0,14
59.65333,385,339,0,0,0,0,0,0,1,14
59.68667,393,346,0,0,0,0,0,0,0,16
59.72000,375,335,0,0,0,0,0,0,1,17
59.75333,314,271,0,0,0,0,0,0,0,16
59.78667,246,208,0,0,0,0,0,0,0,13
59.82000,150,134,0,0,0,0,0,0,0,13
59.85333,30,31,0,0,0,0,0,0,0,13
59.88667,1,0,0,0,0,0,0,0,1,13
59.92000,0,0,88,95,0,0,0,0,0,13
59.95333,0,0,179,181,0,0,0,0,0,13
59.98667,0,0,246,248,0,0,0,0,0,13
60.02000,0,0,291,300,0,0,0,0,1,13
60.05333,0,0,314,316,0,0,0,0,1,13
60.08667,0,0,307,311,0,0,0,0,1,13
60.12000,0,0,313,308,0,0,0,0,1,13
60.15333,0,0,291,295,0,0,0,0,1,11
60.18667,0,0,252,254,0,0,0,0,2,11
60.22000,0,0,213,217,0,0,0,0,2,11
60.25333,0,0,165,161,0,0,0,0,2,12
60.28667,0,0,78,73,0,0,0,0,1,11
60.32000,0,0,0,0,0,0,0,0,1,12
60.35333,0,0,0,0,0,0,0,0,1,12
60.38667,0,0,0,0,137,153,0,0,1,12
60.42000,0,0,0,0,232,245,0,0,0,13
60.45333,0,0,0,0,301,327,0,0,1,13
60.48667,0,0,0,3,358,384,0,0,1,12
60.52167,1,0,0,3,366,399,0,0,1,12
60.55500,1,0,0,3,361,401,0,0,1,12
60.58833,0,0,0,6,312,333,0,0,1,13
60.62167,0,0,1,6,269,282,0,0,1,13
60.65500,0,0,0,0,205,216,0,0,2,14
60.68833,0,0,0,0,110,117,0,0,2,13
60.72167,0,0,0,0,0,0,0,0,2,12
60.75500,0,0,0,0,0,0,0,0,2,13
60.78833,0,0,0,0,0,0,0,0,2,13
60.82167,0,0,0,0,0,0,0,0,2,14
60.85500,0,0,0,0,0,0,91,88,2,12
60.88833,0,0,0,0,0,0,214,253,2,12
60.92167,0,0,0,0,0,0,343,367,2,12
60.95500,0,0,0,0,0,0,386,396,2,12
60.98833,0,0,0,0,0,0,389,395,2,12
61.02167,0,0,0,0,0,0,367,388,2,12
61.05500,0,0,0,0,0,0,283,322,2,12
61.08833,0,0,0,0,0,0,191,232,1,11
61.12167,0,0,0,0,0,0,66,69,1,12
61.15500,0,0,0,0,0,0,0,0,1,11
61.18833,0,0,0,0,0,0,0,0,1,11
61.22167,0,0,0,0,0,0,0,0,1,11
61.25500,0,0,0,0,0,0,0,0,1,11
61.28833,0,0,0,0,0,0,0,0,107,105
61.32167,0,0,0,0,0,0,0,0,239,228
61.35500,0,0,0,0,0,0,0,0,335,291
61.38833,0,0,0,0,0,0,0,0,411,340
61.42167,0,0,0,0,0,0,0,0,464,383
61.45500,0,0,0,0,0,0,0,0,486,398
61.48833,0,0,0,0,0,0,0,0,486,396
61.52167,0,0,0,0,0,0,0,0,471,394
61.55500,0,0,0,0,0,0,0,0,425,356
61.58833,0,0,0,0,0,0,0,0,382,317
61.62167,0,0,0,0,0,0,0,0,268,259
61.65500,0,0,0,0,0,0,0,0,162,162
61.68833,0,0,0,0,0,0,0,0,29,42
61.72167,0,0,0,0,0,0,0,0,1,14
61.75500,0,0,0,0,0,0,0,0,1,14
61.78833,0,0,0,0,0,0,0,0,1,13
61.82167,123,120,0,0,0,0,0,0,1,13
61.85500,240,214,0,0,0,0,0,0,1,14
61.88833,300,266,0,0,0,0,0,0,1,15
61.92167,370,325,0,0,0,0,0,0,1,14
61.95500,413,358,0,0,0,0,0,0,0,16
61.98833,414,354,0,0,0,0,0,0,0,16
62.02167,411,352,0,0,0,0,0,0,0,16
62.05500,408,349,0,0,0,0,0,0,0,17
62.08833,373,321,0,0,0,0,0,0,1,17
62.12167,317,272,0,0,0,0,0,0,2,15
62.15500,262,224,0,0,0,0,0,0,2,13
62.18833,193,174,0,0,0,0,0,0,2,13
62.22167,66,72,0,0,0,0,0,0,2,14
62.25500,0,0,0,0,0,0,0,0,2,13
62.28833,0,0,0,0,0,0,0,0,2,13
62.32167,0,0,0,0,0,0,0,0,60,53
62.35500,1,0,0,0,0,0,0,0,191,176
62.38833,0,0,0,0,0,0,0,0,335,280
62.42167,0,0,0,0,0,0,0,0,414,347
62.45500,0,0,0,0,0,0,0,0,431,358
62.48833,0,0,0,0,0,0,0,0,435,363
62.52167,0,0,0,0,0,0,0,0,392,326
62.55500,0,0,0,0,0,0,0,0,305,272
62.59000,0,0,0,0,0,0,0,0,179,200
62.62333,0,0,0,0,0,0,0,0,61,79
62.65667,0,0,0,0,0,0,0,0,1,14
62.69000,0,0,0,0,0,0,163,171,1,13
62.72333,0,0,0,0,0,0,262,292,1,13
62.75667,0,0,0,0,0,0,337,365,1,15
62.79000,0,0,0,0,0,0,367,395,1,14
62.82333,0,0,0,0,0,0,365,392,1,12
62.85667,0,0,0,0,0,0,371,393,2,13
62.89000,0,0,0,0,0,0,326,356,1,13
62.92333,0,0,0,0,0,0,241,287,1,12
62.95667,0,0,0,0,0,0,166,199,1,12
62.99000,0,0,0,0,0,0,70,69,1,12
63.02333,0,0,0,0,0,0,1,0,2,12
63.05667,0,0,0,0,0,0,0,0,2,10
63.09000,0,0,0,0,0,0,0,0,2,10
63.12333,0,0,0,0,76,92,0,0,2,10
63.15667,0,0,0,0,179,191,0,0,2,10
63.19000,0,0,0,0,255,272,0,0,2,10
63.22333,0,0,0,0,307,324,0,0,2,10
63.25667,0,0,0,0,350,379,0,0,2,10
63.29000,0,0,0,0,371,399,0,0,2,10
63.32333,0,0,0,0,371,403,0,0,2,10
63.35667,0,0,0,4,341,364,0,0,2,10
63.39000,0,0,0,2,293,306,0,0,2,11
63.42333,0,0,0,0,239,254,0,0,2,12
63.45667,0,0,0,0,185,194,0,0,2,13
63.49000,0,0,0,0,89,89,0,0,2,13
63.52333,0,0,0,0,0,0,0,0,2,13
63.55667,0,0,0,0,0,0,0,0,2,13
63.59000,0,0,114,123,0,0,0,0,2,14
63.62333,0,0,189,188,0,0,0,0,2,14
63.65667,0,0,257,254,0,0,0,0,2,14
63.69000,0,0,293,295,0,0,0,0,2,14
63.72333,0,0,293,296,0,0,0,0,2,15
63.75667,0,0,295,294,0,0,0,0,2,13
63.79000,0,0,279,268,0,0,0,0,1,14
63.82333,0,0,224,220,0,0,0,0,0,13
63.85667,0,0,168,174,0,0,0,0,0,13
63.89000,0,0,106,107,0,0,0,0,0,13
63.92333,0,0,0,0,0,0,0,0,0,13
63.95667,0,0,0,0,0,0,0,0,0,13